pickup_datetime,trip_miles,trip_time,base_passenger_fare,distance_bin
31/01/2025 02:51,2.889,16.05,15.39,2-5 mi
25/01/2025 21:16,1.483,9.45,12.47,0-2 mi
29/01/2025 21:34,3.68,14.65,16.73,2-5 mi
07/01/2025 18:28,1.93,12.6,11.2,0-2 mi
18/01/2025 21:26,3.19,9.583333333,14.31,2-5 mi
06/01/2025 10:11,0.42,5.783333333,10.02,0-2 mi
12/01/2025 00:04,1.38,7.216666667,8.68,0-2 mi
30/01/2025 23:33,62.89,94.36666667,171.84,50+ mi
24/01/2025 17:13,0.84,6.85,5.39,0-2 mi
16/01/2025 19:58,1.3,9.066666667,10.91,0-2 mi
16/01/2025 13:21,1.68,13.71666667,14.28,0-2 mi
23/01/2025 00:48,4.243,9.116666667,15.01,2-5 mi
25/01/2025 01:21,1.362,7.4,9.18,0-2 mi
14/01/2025 12:19,3.07,22.48333333,28.93,2-5 mi
10/01/2025 00:57,2.76,11.83333333,14.28,2-5 mi
05/01/2025 10:50,2.07,10.28333333,20.48,2-5 mi
20/01/2025 21:29,1.929,11.25,10.56,0-2 mi
27/01/2025 13:16,0.456,8.333333333,9.07,0-2 mi
09/01/2025 20:01,2.41,10.88333333,15.61,2-5 mi
07/01/2025 15:48,1.8,19.68333333,14.35,0-2 mi
20/01/2025 03:01,2.53,13.55,14.29,2-5 mi
16/01/2025 05:03,2.01,9.516666667,6.65,2-5 mi
10/01/2025 18:16,3.81,14.43333333,16.99,2-5 mi
22/01/2025 09:38,1.53,10.6,12.35,0-2 mi
01/01/2025 02:38,4.24,18.71666667,18.89,2-5 mi
17/01/2025 07:02,1.54,9.466666667,10.95,0-2 mi
05/01/2025 19:29,1.014,13.05,10.91,0-2 mi
12/01/2025 09:18,4.51,21.26666667,20.14,2-5 mi
07/01/2025 22:20,13.75,30.45,47.65,10-20 mi
12/01/2025 20:38,3.36,16.63333333,17.12,2-5 mi
18/01/2025 07:02,18.741,37.68333333,73.19,10-20 mi
11/01/2025 23:38,5.63,34.1,33.34,5-10 mi
21/01/2025 17:02,2.02,19.95,25.24,2-5 mi
23/01/2025 07:24,2.87,24.38333333,24.06,2-5 mi
06/01/2025 21:06,4.71,23.53333333,25.5,2-5 mi
20/01/2025 19:44,1.24,6.066666667,9.09,0-2 mi
09/01/2025 12:34,7.14,26.93333333,43.34,5-10 mi
18/01/2025 18:58,7.38,24.7,15.01,5-10 mi
16/01/2025 18:37,1.466,13.93333333,19.24,0-2 mi
12/01/2025 22:28,2.145,11.38333333,12.08,2-5 mi
30/01/2025 03:33,7.58,16.96666667,23.13,5-10 mi
20/01/2025 12:35,5.37,14.55,16.65,5-10 mi
17/01/2025 13:18,3.27,16.05,17.18,2-5 mi
04/01/2025 15:53,2.668,21.55,31.47,2-5 mi
04/01/2025 03:58,8.37,35,19.75,5-10 mi
29/01/2025 07:39,3.09,20.65,13.61,2-5 mi
11/01/2025 14:09,1.51,14.35,8.23,0-2 mi
27/01/2025 14:58,1.57,8.433333333,13.04,0-2 mi
07/01/2025 17:53,0.64,5.216666667,10.94,0-2 mi
19/01/2025 18:40,0.57,3.6,7.32,0-2 mi
20/01/2025 08:42,1.13,5.516666667,11.59,0-2 mi
16/01/2025 14:11,1.15,6.216666667,9.81,0-2 mi
03/01/2025 02:17,1.13,5.916666667,9.16,0-2 mi
11/01/2025 03:25,8.43,29.73333333,36.99,5-10 mi
09/01/2025 08:01,0.58,6.366666667,10.72,0-2 mi
13/01/2025 22:38,26.77,34.36666667,93.28,20-50 mi
15/01/2025 07:03,0.8,9.216666667,9.35,0-2 mi
03/01/2025 11:57,2.19,17.15,19,2-5 mi
10/01/2025 20:03,3.62,20.45,20.17,2-5 mi
17/01/2025 20:41,13.52,33.43333333,35,10-20 mi
13/01/2025 15:48,2.3,15.48333333,15.15,2-5 mi
16/01/2025 04:32,6.19,17.06666667,15.09,5-10 mi
29/01/2025 19:42,0.742,5.3,6.26,0-2 mi
17/01/2025 17:07,12.64,42.15,37.49,10-20 mi
26/01/2025 21:22,1.86,8.833333333,13.56,0-2 mi
16/01/2025 19:10,4.18,29.58333333,20.12,2-5 mi
25/01/2025 21:54,3.192,17.23333333,20.89,2-5 mi
06/01/2025 18:53,1.97,6.15,8.96,0-2 mi
15/01/2025 09:07,3.08,41.91666667,25.59,2-5 mi
21/01/2025 16:38,5.35,22.8,33.35,5-10 mi
31/01/2025 18:37,3.67,27.65,20.79,2-5 mi
11/01/2025 23:09,8.013,25.21666667,33.37,5-10 mi
23/01/2025 16:00,9.77,31.45,80.17,5-10 mi
28/01/2025 15:47,3.69,18.08333333,45.01,2-5 mi
05/01/2025 14:14,5.42,15.55,15.61,5-10 mi
19/01/2025 16:32,1.2,6.7,26.58,0-2 mi
16/01/2025 00:08,8.45,30.23333333,14.58,5-10 mi
15/01/2025 19:02,1.26,8.866666667,13.56,0-2 mi
18/01/2025 10:24,1.858,13.58333333,11.15,0-2 mi
28/01/2025 10:49,4.57,17.15,20.27,2-5 mi
29/01/2025 09:40,2.87,17.91666667,17.71,2-5 mi
27/01/2025 04:38,2.1,8.066666667,12.07,2-5 mi
10/01/2025 11:22,0.99,5.966666667,8.93,0-2 mi
29/01/2025 12:44,1.258,7.45,8.73,0-2 mi
04/01/2025 20:34,8.22,25.33333333,28.6,5-10 mi
02/01/2025 23:25,2.7,14.98333333,18.01,2-5 mi
11/01/2025 04:44,4.772,10.5,17.87,2-5 mi
08/01/2025 18:02,1.46,10.45,34.89,0-2 mi
14/01/2025 08:57,3.03,27.96666667,44.28,2-5 mi
23/01/2025 06:11,1.458,4.083333333,9.63,0-2 mi
31/01/2025 02:57,0.61,5.35,7,0-2 mi
21/01/2025 22:10,22.285,34.61666667,40.95,20-50 mi
04/01/2025 04:51,5.016,17.06666667,22.65,5-10 mi
08/01/2025 22:18,5.403,17.3,23.29,5-10 mi
17/01/2025 12:34,3.49,28.21666667,30,2-5 mi
03/01/2025 20:01,4.18,9.966666667,17.41,2-5 mi
10/01/2025 17:30,0.92,10.35,12.72,0-2 mi
25/01/2025 22:57,1.889,15.96666667,16.89,0-2 mi
22/01/2025 09:14,11.26,49.53333333,76.16,10-20 mi
18/01/2025 19:16,1.12,10.3,10.05,0-2 mi
24/01/2025 02:00,1.23,7.266666667,23.02,0-2 mi
31/01/2025 19:48,1.827,10.55,14.92,0-2 mi
24/01/2025 23:10,15.205,23.85,49.08,10-20 mi
14/01/2025 08:23,8.72,22.66666667,27.4,5-10 mi
16/01/2025 14:25,12.36,30.86666667,47.15,10-20 mi
18/01/2025 03:48,9.587,15.4,35.76,5-10 mi
04/01/2025 22:15,3.83,11.63333333,15.12,2-5 mi
30/01/2025 07:31,2.41,11.2,13.78,2-5 mi
26/01/2025 18:32,21.23,40.03333333,39.85,20-50 mi
05/01/2025 13:18,2.81,20.1,22.64,2-5 mi
21/01/2025 23:23,2.542,15.03333333,14.18,2-5 mi
17/01/2025 17:39,9.58,27.53333333,38.64,5-10 mi
11/01/2025 15:15,2.34,10.81666667,11.57,2-5 mi
06/01/2025 18:19,1.2,5.95,8.92,0-2 mi
16/01/2025 16:54,1.708,12.5,12.76,0-2 mi
02/01/2025 14:42,6.95,24.98333333,31.18,5-10 mi
18/01/2025 17:09,4.26,19.3,21.45,2-5 mi
31/01/2025 15:51,2.21,10.85,13.37,2-5 mi
25/01/2025 12:49,10.93,39.35,40.86,10-20 mi
10/01/2025 04:51,17.5,27.85,75.45,10-20 mi
10/01/2025 23:02,4.87,26.8,18.1,2-5 mi
30/01/2025 13:09,2.083,18.1,19.38,2-5 mi
12/01/2025 14:44,6.61,21.05,19.36,5-10 mi
05/01/2025 01:32,0.84,3.316666667,5.93,0-2 mi
11/01/2025 17:58,3.41,34.61666667,30.67,2-5 mi
11/01/2025 09:59,18.418,31.96666667,54.58,10-20 mi
09/01/2025 18:44,1.46,11.96666667,10.07,0-2 mi
21/01/2025 16:22,5.257,27.81666667,28.64,5-10 mi
09/01/2025 15:15,2.082,11.46666667,12.47,2-5 mi
28/01/2025 20:36,5.02,20.53333333,33.71,5-10 mi
17/01/2025 14:05,1.59,7.483333333,10.07,0-2 mi
01/01/2025 09:13,4.493,20.06666667,23.26,2-5 mi
29/01/2025 10:09,1.91,14.93333333,13.85,0-2 mi
17/01/2025 16:01,2.81,21.96666667,32.61,2-5 mi
21/01/2025 20:45,4.65,14.38333333,17.91,2-5 mi
16/01/2025 07:51,1.17,9.083333333,4.88,0-2 mi
15/01/2025 00:51,1.51,7.466666667,7.32,0-2 mi
11/01/2025 09:54,1.38,6.466666667,6.53,0-2 mi
21/01/2025 15:52,0.879,12.26666667,9.44,0-2 mi
25/01/2025 13:04,6.53,21.58333333,22.43,5-10 mi
30/01/2025 16:53,1.94,8.416666667,12.04,0-2 mi
11/01/2025 14:27,1.77,21.1,39.09,0-2 mi
20/01/2025 15:06,0.46,4.066666667,5.58,0-2 mi
19/01/2025 07:50,2.65,14.5,17.76,2-5 mi
09/01/2025 09:50,1.58,8.066666667,8.54,0-2 mi
18/01/2025 17:03,4.88,22,20.56,2-5 mi
21/01/2025 22:42,3.06,18,20.01,2-5 mi
19/01/2025 10:50,6.07,18.73333333,20.47,5-10 mi
03/01/2025 18:26,0.782,21.61666667,17.24,0-2 mi
29/01/2025 21:30,1.46,8.783333333,12.96,0-2 mi
12/01/2025 17:30,1.161,8.4,9.96,0-2 mi
08/01/2025 23:39,1.632,12.33333333,10.44,0-2 mi
19/01/2025 23:09,4.955,24.35,27.36,2-5 mi
12/01/2025 00:42,3.59,19.6,11.87,2-5 mi
30/01/2025 07:04,8.85,37.16666667,24.72,5-10 mi
20/01/2025 15:18,0.89,7.15,12.87,0-2 mi
23/01/2025 19:28,3.47,26.13333333,41.79,2-5 mi
22/01/2025 05:33,2.502,11.88333333,12.23,2-5 mi
08/01/2025 22:53,5.236,24.65,23.6,5-10 mi
30/01/2025 16:23,3.89,12.4,15.55,2-5 mi
30/01/2025 17:48,2.11,11.2,12.42,2-5 mi
20/01/2025 10:10,2.04,13.15,20.52,2-5 mi
18/01/2025 16:33,2.26,12.26666667,14.33,2-5 mi
25/01/2025 19:17,3.93,14.85,16.38,2-5 mi
24/01/2025 17:22,14.449,65.46666667,62.29,10-20 mi
27/01/2025 16:23,1.29,9.4,8.47,0-2 mi
05/01/2025 23:09,4.035,16.11666667,19.34,2-5 mi
21/01/2025 10:53,2.69,11.85,15.96,2-5 mi
10/01/2025 22:16,6.13,16.48333333,28.05,5-10 mi
02/01/2025 14:25,7.74,23.13333333,32.7,5-10 mi
29/01/2025 19:11,8.25,20.31666667,32.23,5-10 mi
09/01/2025 19:12,2.17,14.86666667,16.97,2-5 mi
20/01/2025 16:09,0.83,7,8,0-2 mi
19/01/2025 02:10,7.85,19.78333333,24.14,5-10 mi
08/01/2025 06:00,9.65,27.41666667,34.8,5-10 mi
09/01/2025 08:42,3.042,18.73333333,21.49,2-5 mi
22/01/2025 18:41,2.08,13.88333333,15.12,2-5 mi
17/01/2025 03:00,11.45,24.85,33.6,10-20 mi
09/01/2025 01:57,0.67,3.366666667,8.93,0-2 mi
25/01/2025 03:14,2.221,9.6,13.41,2-5 mi
29/01/2025 21:27,2.25,13.96666667,9.05,2-5 mi
09/01/2025 18:51,1.099,7.316666667,9.62,0-2 mi
31/01/2025 06:34,16.48,41.6,103.21,10-20 mi
31/01/2025 15:53,2.328,13.05,15.06,2-5 mi
28/01/2025 11:05,7.289,17.18333333,22.98,5-10 mi
17/01/2025 09:13,6.79,13.4,22.02,5-10 mi
22/01/2025 20:05,2.5,12.26666667,8.33,2-5 mi
12/01/2025 11:55,19.67,50.61666667,63.17,10-20 mi
29/01/2025 08:06,6.65,13.1,11.75,5-10 mi
06/01/2025 13:52,0.64,8.6,10.24,0-2 mi
25/01/2025 00:01,7.93,20.75,40.26,5-10 mi
06/01/2025 08:12,3.25,30.53333333,31.12,2-5 mi
29/01/2025 19:33,3.5,25.01666667,22.08,2-5 mi
15/01/2025 04:42,7.57,11.85,44.51,5-10 mi
21/01/2025 19:15,2.37,19.41666667,26.16,2-5 mi
05/01/2025 01:43,3.117,13.81666667,16.5,2-5 mi
08/01/2025 19:16,1.54,8.183333333,7.07,0-2 mi
31/01/2025 20:13,2.32,11.65,14.99,2-5 mi
02/01/2025 08:27,4.46,30.2,29.6,2-5 mi
07/01/2025 22:45,34.6,48.58333333,152.24,20-50 mi
05/01/2025 11:05,3.77,21.2,30.68,2-5 mi
18/01/2025 14:22,4.48,23.58333333,18.05,2-5 mi
31/01/2025 15:58,9.37,60.21666667,42.48,5-10 mi
03/01/2025 09:03,2.307,7.866666667,11.52,2-5 mi
27/01/2025 17:36,3.349,37.35,22.81,2-5 mi
15/01/2025 21:26,6.09,31.85,15.7,5-10 mi
06/01/2025 17:07,3.27,24.53333333,16.02,2-5 mi
08/01/2025 06:36,12.73,57.28333333,60.37,10-20 mi
21/01/2025 10:57,0.62,3.733333333,8.58,0-2 mi
14/01/2025 20:14,2.702,13.2,12.49,2-5 mi
25/01/2025 19:58,1.13,13.3,16.03,0-2 mi
22/01/2025 06:56,0.99,5.866666667,8.11,0-2 mi
21/01/2025 11:49,4.08,13.03333333,17.88,2-5 mi
10/01/2025 02:14,3.2,13.53333333,18.15,2-5 mi
24/01/2025 23:12,2.14,11.15,12.1,2-5 mi
01/01/2025 06:43,1.1,6.1,11.58,0-2 mi
13/01/2025 23:10,2.617,14.16666667,11.64,2-5 mi
09/01/2025 21:33,2.53,14.33333333,15.16,2-5 mi
09/01/2025 18:14,0.631,6.183333333,9.53,0-2 mi
03/01/2025 17:01,8.075,47.9,42.96,5-10 mi
16/01/2025 15:56,0.967,7.35,8.17,0-2 mi
17/01/2025 10:46,1.12,7.583333333,22.71,0-2 mi
11/01/2025 02:20,1.56,6.633333333,18.29,0-2 mi
19/01/2025 17:12,8.53,23.53333333,28.26,5-10 mi
18/01/2025 20:39,5.4,20.86666667,19.65,5-10 mi
22/01/2025 03:46,10.98,24.06666667,28.92,10-20 mi
24/01/2025 10:31,6.983,25.43333333,34.21,5-10 mi
07/01/2025 14:15,2.51,12.18333333,16.96,2-5 mi
08/01/2025 23:58,17.72,38.06666667,39.84,10-20 mi
30/01/2025 10:30,2.84,15.96666667,18.87,2-5 mi
08/01/2025 22:23,1.367,7.083333333,11.24,0-2 mi
29/01/2025 20:04,1.75,13.56666667,43.61,0-2 mi
13/01/2025 07:18,0.67,5.566666667,8.89,0-2 mi
10/01/2025 18:07,12.48,47.51666667,42.96,10-20 mi
19/01/2025 06:36,4.03,17.3,20.16,2-5 mi
04/01/2025 21:02,9.22,27.55,33.86,5-10 mi
21/01/2025 08:23,1.75,7.05,9.83,0-2 mi
14/01/2025 19:19,1.41,7.1,13.62,0-2 mi
04/01/2025 20:11,1.21,8.9,10.66,0-2 mi
04/01/2025 01:26,2.14,12.53333333,15.1,2-5 mi
19/01/2025 15:14,1.74,6.666666667,8.9,0-2 mi
12/01/2025 02:22,2.19,25.78333333,24.15,2-5 mi
14/01/2025 16:22,2.956,17.23333333,22.65,2-5 mi
01/01/2025 16:46,4.89,26.93333333,27.69,2-5 mi
23/01/2025 22:54,4.916,23.26666667,31.27,2-5 mi
10/01/2025 14:53,11.388,71.31666667,55.2,10-20 mi
10/01/2025 19:23,1.51,7.183333333,11.61,0-2 mi
29/01/2025 19:41,5.65,13.23333333,33.27,5-10 mi
16/01/2025 08:43,0.63,3.183333333,8.94,0-2 mi
16/01/2025 13:31,9.2,21.33333333,24.06,5-10 mi
14/01/2025 22:50,4.02,11.03333333,10.16,2-5 mi
23/01/2025 18:44,0.29,2.516666667,4.98,0-2 mi
05/01/2025 23:14,4.56,11.55,17.18,2-5 mi
10/01/2025 16:31,1.66,10.66666667,15.11,0-2 mi
05/01/2025 17:04,8.494,19.71666667,30.56,5-10 mi
19/01/2025 18:40,8.15,30.5,30.3,5-10 mi
17/01/2025 07:37,36.113,57.16666667,108.08,20-50 mi
25/01/2025 23:53,2.29,14.05,30.62,2-5 mi
05/01/2025 03:14,2.805,15.1,14.33,2-5 mi
21/01/2025 15:15,8.72,40.28333333,46.27,5-10 mi
17/01/2025 18:18,1.897,12.11666667,12.54,0-2 mi
02/01/2025 13:42,18.06,63.95,118.2,10-20 mi
25/01/2025 04:16,7.21,22.33333333,32.61,5-10 mi
25/01/2025 05:21,2.12,7.666666667,11.46,2-5 mi
31/01/2025 17:19,5.05,31.98333333,31.9,5-10 mi
07/01/2025 22:10,4.15,11.58333333,21.67,2-5 mi
12/01/2025 18:49,1.86,11.78333333,11.52,0-2 mi
06/01/2025 11:43,5.28,23.03333333,34.45,5-10 mi
11/01/2025 00:25,3.29,18.1,26.14,2-5 mi
27/01/2025 20:24,5.44,35.7,21.06,5-10 mi
11/01/2025 23:30,0.46,4.233333333,11.97,0-2 mi
05/01/2025 23:16,1.45,5.683333333,10.66,0-2 mi
10/01/2025 08:49,1.48,18.08333333,18.77,0-2 mi
11/01/2025 21:18,8.3,13.43333333,20.29,5-10 mi
07/01/2025 18:45,1.61,12.26666667,11.95,0-2 mi
19/01/2025 17:12,1.23,7.3,8.03,0-2 mi
27/01/2025 20:53,1.45,8.133333333,10.56,0-2 mi
08/01/2025 14:06,2.11,14.01666667,16.67,2-5 mi
06/01/2025 06:29,4.62,13.31666667,17.89,2-5 mi
21/01/2025 19:28,7.85,22.68333333,16.5,5-10 mi
27/01/2025 09:46,28.54,61.06666667,82.97,20-50 mi
07/01/2025 18:30,3.07,21.56666667,13.68,2-5 mi
29/01/2025 22:35,7.126,37.25,48.92,5-10 mi
25/01/2025 10:03,2.82,12.63333333,14.49,2-5 mi
02/01/2025 07:04,2.6,7.85,21.44,2-5 mi
31/01/2025 07:36,1.59,15.73333333,12.88,0-2 mi
03/01/2025 19:46,2.92,13.11666667,18.98,2-5 mi
12/01/2025 16:32,1.251,8.833333333,14.22,0-2 mi
18/01/2025 11:13,3.91,16.48333333,37.79,2-5 mi
03/01/2025 15:24,0.93,7.933333333,8.91,0-2 mi
04/01/2025 09:27,2.072,13.23333333,14.08,2-5 mi
30/01/2025 23:17,4.38,9.016666667,16.02,2-5 mi
23/01/2025 18:17,2.09,11.33333333,14.07,2-5 mi
14/01/2025 12:10,3.13,25.68333333,16.13,2-5 mi
04/01/2025 21:14,8.11,23.48333333,23.38,5-10 mi
24/01/2025 21:56,1.31,8.116666667,7,0-2 mi
08/01/2025 15:25,7.14,34.6,36.38,5-10 mi
04/01/2025 18:33,5.76,14.88333333,26.92,5-10 mi
06/01/2025 22:09,1.03,7.333333333,8.93,0-2 mi
09/01/2025 17:22,1.26,16.25,22.55,0-2 mi
26/01/2025 19:12,2.64,13.36666667,14.04,2-5 mi
10/01/2025 22:57,1.4,5.866666667,8.17,0-2 mi
29/01/2025 19:10,10.331,40.28333333,40.47,10-20 mi
09/01/2025 15:25,11.747,43.23333333,47.05,10-20 mi
22/01/2025 20:22,11.57,23.41666667,29.82,10-20 mi
13/01/2025 17:13,1.89,9.5,10.42,0-2 mi
11/01/2025 20:53,3.64,16.66666667,17,2-5 mi
08/01/2025 20:11,7.6,27.8,25.33,5-10 mi
05/01/2025 17:04,1.35,20.61666667,19.94,0-2 mi
07/01/2025 15:24,7.52,46.55,38.23,5-10 mi
27/01/2025 22:24,1.873,9.2,9.96,0-2 mi
13/01/2025 14:16,3.25,21.31666667,33.33,2-5 mi
04/01/2025 00:30,6.657,18.58333333,27.13,5-10 mi
26/01/2025 09:37,4.74,19.51666667,20.1,2-5 mi
06/01/2025 09:49,8.035,16.7,42.53,5-10 mi
13/01/2025 23:46,0.8,5.666666667,7.43,0-2 mi
04/01/2025 23:40,1.07,4.866666667,8.6,0-2 mi
26/01/2025 20:34,7.096,29.35,38.11,5-10 mi
13/01/2025 17:22,1.27,7.85,10.94,0-2 mi
21/01/2025 12:29,1.77,6.983333333,10.76,0-2 mi
29/01/2025 15:36,0.47,4.683333333,10.03,0-2 mi
02/01/2025 17:12,2.73,25.33333333,15.62,2-5 mi
17/01/2025 08:47,4.95,11.48333333,28.11,2-5 mi
30/01/2025 09:24,0.61,3.733333333,8.49,0-2 mi
08/01/2025 19:15,2.45,14.28333333,15.33,2-5 mi
05/01/2025 17:18,7.91,43.21666667,25,5-10 mi
24/01/2025 10:05,1.98,15.13333333,16.9,0-2 mi
01/01/2025 08:33,5.88,12.33333333,20.83,5-10 mi
30/01/2025 09:05,3.22,23.06666667,34.87,2-5 mi
28/01/2025 19:43,4.09,16.26666667,12.3,2-5 mi
10/01/2025 13:25,3.219,24.08333333,22.05,2-5 mi
01/01/2025 15:50,13.11,22.48333333,60.19,10-20 mi
03/01/2025 08:22,8.36,19.05,21.93,5-10 mi
14/01/2025 07:39,0.66,5.716666667,8.9,0-2 mi
21/01/2025 13:20,2.468,24,22.19,2-5 mi
24/01/2025 17:21,1.43,11,15.11,0-2 mi
17/01/2025 17:29,3.17,14.9,18.21,2-5 mi
04/01/2025 05:16,14.508,32.41666667,49.09,10-20 mi
31/01/2025 06:50,1.72,9,13.79,0-2 mi
07/01/2025 18:57,0.92,5.683333333,10.08,0-2 mi
27/01/2025 18:29,11.94,39.03333333,36.35,10-20 mi
21/01/2025 18:58,0.61,5.85,9.37,0-2 mi
10/01/2025 19:11,0.854,8.233333333,13.1,0-2 mi
31/01/2025 18:14,1.01,4.616666667,7.34,0-2 mi
29/01/2025 17:21,1.17,6.066666667,8.75,0-2 mi
23/01/2025 14:22,4.1,27.95,20.61,2-5 mi
03/01/2025 22:47,8.53,20.63333333,26.61,5-10 mi
23/01/2025 09:42,1.14,6.116666667,11.77,0-2 mi
03/01/2025 11:37,7.25,16.46666667,28.8,5-10 mi
22/01/2025 02:09,5.87,11.93333333,11.64,5-10 mi
10/01/2025 15:40,0.44,2.883333333,8.57,0-2 mi
24/01/2025 21:28,1.2,11.61666667,14.17,0-2 mi
27/01/2025 19:37,4.49,25.15,22.03,2-5 mi
18/01/2025 09:37,1.939,8.85,11.78,0-2 mi
15/01/2025 08:56,1.7,5.4,7.28,0-2 mi
28/01/2025 06:40,1,5.45,13.4,0-2 mi
18/01/2025 09:58,17.977,30.7,36.72,10-20 mi
23/01/2025 18:06,9.21,32.15,26.47,5-10 mi
11/01/2025 12:27,4.86,16.18333333,16.62,2-5 mi
08/01/2025 16:31,1.26,17.36666667,14.65,0-2 mi
22/01/2025 19:08,1.1,6.616666667,8.94,0-2 mi
17/01/2025 08:20,1.8,13.41666667,14.27,0-2 mi
05/01/2025 00:06,6.99,22.28333333,21.87,5-10 mi
08/01/2025 15:01,2.38,14.48333333,14.87,2-5 mi
12/01/2025 00:33,1.843,10.35,13.38,0-2 mi
12/01/2025 11:50,18.63,31.93333333,92.52,10-20 mi
19/01/2025 00:06,21.19,36.21666667,22.97,20-50 mi
13/01/2025 14:15,5.15,32.35,57.63,5-10 mi
26/01/2025 13:58,10.23,28.46666667,81,10-20 mi
03/01/2025 13:01,4.55,13.86666667,20.53,2-5 mi
05/01/2025 00:29,2.2,13.51666667,18.16,2-5 mi
03/01/2025 12:09,5.78,16.61666667,25.94,5-10 mi
31/01/2025 13:35,2.7,18.1,19.86,2-5 mi
23/01/2025 00:02,1.67,8.766666667,10.07,0-2 mi
01/01/2025 04:17,11.46,36.03333333,46.6,10-20 mi
26/01/2025 13:18,9.78,33.85,45.29,5-10 mi
16/01/2025 06:52,1.122,5.4,10.62,0-2 mi
17/01/2025 06:42,8.011,24.28333333,40.13,5-10 mi
28/01/2025 17:21,11.76,32.41666667,31.89,10-20 mi
07/01/2025 08:35,0.485,3.9,6.78,0-2 mi
24/01/2025 09:26,7.517,30.13333333,31.88,5-10 mi
18/01/2025 18:47,3.8,13.35,16.05,2-5 mi
03/01/2025 18:37,2.321,15.38333333,15.39,2-5 mi
18/01/2025 12:29,8.67,23.25,16.14,5-10 mi
18/01/2025 14:30,2.22,9.933333333,11.6,2-5 mi
17/01/2025 04:05,2.57,11.53333333,15.17,2-5 mi
29/01/2025 14:37,2.29,17.28333333,20.92,2-5 mi
09/01/2025 08:50,1.96,6.216666667,15.22,0-2 mi
17/01/2025 18:11,2.163,13.05,18.01,2-5 mi
22/01/2025 19:21,4.59,12.65,24.85,2-5 mi
21/01/2025 16:18,8.96,14.51666667,41.37,5-10 mi
31/01/2025 14:31,0.64,3.65,7.39,0-2 mi
10/01/2025 01:25,5.06,22.6,21.26,5-10 mi
13/01/2025 10:43,9.28,27.23333333,56.31,5-10 mi
10/01/2025 18:41,1.376,6.916666667,10.66,0-2 mi
11/01/2025 23:56,2.3,13.35,29.47,2-5 mi
17/01/2025 13:08,17.81,57.18333333,61.38,10-20 mi
29/01/2025 13:07,2.97,11.11666667,14.72,2-5 mi
20/01/2025 23:02,17.62,48.85,81.92,10-20 mi
27/01/2025 17:36,3.91,16.73333333,17.69,2-5 mi
14/01/2025 06:18,2.19,9.666666667,9.53,2-5 mi
27/01/2025 21:23,2.87,10.26666667,13.96,2-5 mi
16/01/2025 15:00,4.31,11.81666667,20.76,2-5 mi
16/01/2025 16:46,2.54,15.15,15.12,2-5 mi
17/01/2025 07:20,0.76,3.15,9.82,0-2 mi
11/01/2025 16:53,11.24,39.11666667,59.28,10-20 mi
09/01/2025 08:16,0.874,7.466666667,8.67,0-2 mi
09/01/2025 20:29,5.506,29.63333333,37.25,5-10 mi
13/01/2025 00:22,8.13,14.26666667,22.35,5-10 mi
04/01/2025 20:55,5.02,25.33333333,15.32,5-10 mi
25/01/2025 16:57,3.91,24.21666667,27.28,2-5 mi
17/01/2025 17:37,2.88,26.76666667,22.49,2-5 mi
20/01/2025 19:49,3.225,11.33333333,21.26,2-5 mi
06/01/2025 16:09,9.4,20.2,33.85,5-10 mi
28/01/2025 08:35,1.24,5.033333333,8.36,0-2 mi
17/01/2025 15:57,2.36,17.05,16.67,2-5 mi
10/01/2025 21:02,2.33,18.65,30.45,2-5 mi
10/01/2025 18:02,0.74,7.433333333,9.18,0-2 mi
17/01/2025 09:58,7.44,28.35,45.9,5-10 mi
26/01/2025 12:00,2.08,8.75,11.41,2-5 mi
24/01/2025 00:52,1.64,11.11666667,22.73,0-2 mi
20/01/2025 09:14,1.18,7.866666667,8.57,0-2 mi
31/01/2025 20:36,1.02,10.63333333,11.76,0-2 mi
12/01/2025 00:30,2.98,18.91666667,17.56,2-5 mi
10/01/2025 17:35,1.27,6.916666667,8.91,0-2 mi
14/01/2025 23:04,8.64,27.85,26.48,5-10 mi
10/01/2025 21:34,9.96,24.96666667,46.13,5-10 mi
02/01/2025 08:08,0.99,5.916666667,8.59,0-2 mi
12/01/2025 04:32,10.63,29.28333333,23.32,10-20 mi
17/01/2025 22:12,7.9,44.55,34.56,5-10 mi
10/01/2025 12:15,1.19,7.8,11.35,0-2 mi
19/01/2025 00:09,35.01,45.36666667,112.36,20-50 mi
11/01/2025 08:59,16.08,42.01666667,52.02,10-20 mi
07/01/2025 06:05,0.77,6.35,7.24,0-2 mi
04/01/2025 05:44,2.31,15.91666667,15.17,2-5 mi
15/01/2025 21:35,3.945,14.78333333,18.72,2-5 mi
14/01/2025 22:55,6.591,23.45,54.78,5-10 mi
21/01/2025 18:23,8.15,31.16666667,19.7,5-10 mi
01/01/2025 23:35,1.46,9.7,10.51,0-2 mi
19/01/2025 05:33,25.91,48,87.83,20-50 mi
24/01/2025 02:17,1.66,8.1,12.72,0-2 mi
15/01/2025 23:35,0.67,4.7,10.98,0-2 mi
27/01/2025 10:08,0.99,11.23333333,10.61,0-2 mi
11/01/2025 13:20,0.816,8.45,9.92,0-2 mi
19/01/2025 09:57,3.905,22.45,20.71,2-5 mi
01/01/2025 02:00,5.92,27.86666667,48.15,5-10 mi
01/01/2025 00:35,1.22,6.316666667,8.95,0-2 mi
17/01/2025 17:48,2.04,20.5,21.72,2-5 mi
21/01/2025 08:18,3.47,15.66666667,15.96,2-5 mi
24/01/2025 19:27,2.562,16.88333333,18.58,2-5 mi
02/01/2025 14:44,1.65,11.6,10.94,0-2 mi
08/01/2025 17:25,1.42,10.6,9.7,0-2 mi
15/01/2025 01:10,3.94,15.65,18.22,2-5 mi
06/01/2025 07:56,7.5,17.85,45.53,5-10 mi
17/01/2025 08:06,11.86,35.65,46.47,10-20 mi
11/01/2025 21:17,5.02,17.55,26.53,5-10 mi
20/01/2025 08:32,3.8,18.33333333,19.03,2-5 mi
03/01/2025 15:54,2.39,12.95,18.76,2-5 mi
04/01/2025 14:25,1.33,21.28333333,29.78,0-2 mi
16/01/2025 09:32,17.49,70.78333333,129.79,10-20 mi
15/01/2025 11:08,1.15,5.95,8.93,0-2 mi
02/01/2025 16:54,3.57,15.16666667,18.54,2-5 mi
26/01/2025 22:02,2.29,16.98333333,12.24,2-5 mi
05/01/2025 10:27,11.665,28.03333333,40.49,10-20 mi
10/01/2025 08:49,0.98,5.15,8.91,0-2 mi
06/01/2025 17:46,0.52,2.933333333,8.91,0-2 mi
22/01/2025 09:17,0.56,4.05,10.52,0-2 mi
22/01/2025 14:08,1.73,11.21666667,13.61,0-2 mi
02/01/2025 02:59,17.85,27.63333333,59.57,10-20 mi
17/01/2025 00:43,3.61,22.28333333,9.55,2-5 mi
21/01/2025 20:20,0.87,6.116666667,6.52,0-2 mi
19/01/2025 15:55,1.23,7.4,7.57,0-2 mi
02/01/2025 09:16,1.47,11.13333333,16.25,0-2 mi
29/01/2025 00:01,1.77,8.166666667,14.33,0-2 mi
27/01/2025 17:28,1.09,5.133333333,9.38,0-2 mi
30/01/2025 18:23,2.297,10.05,14.19,2-5 mi
01/01/2025 01:06,1.72,7.116666667,18.77,0-2 mi
20/01/2025 19:53,1.28,4.183333333,6.75,0-2 mi
09/01/2025 09:14,8.13,39.13333333,44.45,5-10 mi
23/01/2025 17:17,8.08,27.53333333,30.66,5-10 mi
29/01/2025 19:53,8.989,18.85,32.44,5-10 mi
11/01/2025 11:49,3.168,13.31666667,15.86,2-5 mi
16/01/2025 23:41,6.96,14.65,23.48,5-10 mi
13/01/2025 16:08,0.96,5.683333333,18.17,0-2 mi
05/01/2025 13:34,2.47,12.93333333,14.26,2-5 mi
08/01/2025 15:23,1.414,10.21666667,14.1,0-2 mi
10/01/2025 04:31,1.21,4.633333333,8.95,0-2 mi
03/01/2025 21:00,1.67,16.53333333,19.92,0-2 mi
27/01/2025 18:42,4.46,17.5,26.88,2-5 mi
01/01/2025 03:01,7.2,17.88333333,42.22,5-10 mi
30/01/2025 06:30,1.294,8.75,12.68,0-2 mi
03/01/2025 07:53,16.4,25.05,47.6,10-20 mi
27/01/2025 10:38,10.96,31.5,44.4,10-20 mi
27/01/2025 02:52,7.896,25.76666667,27.31,5-10 mi
18/01/2025 20:53,11.391,29.43333333,35.68,10-20 mi
14/01/2025 08:28,1.61,12.88333333,14.18,0-2 mi
07/01/2025 02:20,14.86,30.33333333,36.55,10-20 mi
02/01/2025 17:28,5.9,36.8,46.48,5-10 mi
22/01/2025 14:02,2.711,14.05,16.3,2-5 mi
11/01/2025 11:11,2.87,20.51666667,31.56,2-5 mi
21/01/2025 10:26,0.88,8.85,8.91,0-2 mi
29/01/2025 14:06,2.28,12.71666667,12.34,2-5 mi
14/01/2025 05:28,9.88,20.56666667,21.06,5-10 mi
04/01/2025 15:51,17.991,42.13333333,67.07,10-20 mi
13/01/2025 21:25,3.97,13.3,19.65,2-5 mi
24/01/2025 16:42,1.98,14.55,14.01,0-2 mi
21/01/2025 20:45,9.31,18.9,42.48,5-10 mi
25/01/2025 22:55,7.97,30.61666667,31.8,5-10 mi
09/01/2025 00:26,2.067,11.75,14.97,2-5 mi
19/01/2025 01:22,4.28,20.83333333,30.08,2-5 mi
19/01/2025 17:37,0.59,7.116666667,19.55,0-2 mi
13/01/2025 10:02,13.28,37.65,42.8,10-20 mi
02/01/2025 18:40,2.09,15.06666667,12.67,2-5 mi
03/01/2025 23:00,2.27,14.26666667,19.28,2-5 mi
20/01/2025 10:19,1.01,7.383333333,9.76,0-2 mi
17/01/2025 08:38,3.57,18.5,24.48,2-5 mi
24/01/2025 20:37,2.03,15.7,19.44,2-5 mi
14/01/2025 15:53,2.58,14.96666667,16.11,2-5 mi
09/01/2025 12:35,2.05,14.45,41.61,2-5 mi
27/01/2025 09:42,5.33,15.36666667,28.25,5-10 mi
02/01/2025 23:33,9.916,21.13333333,30.95,5-10 mi
25/01/2025 00:45,2.14,10.33333333,13.03,2-5 mi
11/01/2025 12:32,17.1,35.33333333,63.36,10-20 mi
29/01/2025 14:47,0.601,9.1,7.97,0-2 mi
12/01/2025 12:11,8.92,21.7,28.77,5-10 mi
24/01/2025 22:45,1.261,11.25,10.77,0-2 mi
19/01/2025 02:50,0.588,6.816666667,10.54,0-2 mi
08/01/2025 16:25,0.66,6.133333333,8.55,0-2 mi
05/01/2025 12:53,0.7,8,14,0-2 mi
18/01/2025 08:58,10.69,18.26666667,27.27,10-20 mi
10/01/2025 02:27,2.43,10.31666667,18.09,2-5 mi
31/01/2025 20:39,4.9,18.33333333,16.63,2-5 mi
10/01/2025 18:34,2.499,22.65,21.27,2-5 mi
30/01/2025 19:35,3.94,18.5,12.9,2-5 mi
11/01/2025 20:08,0.77,4.783333333,7.86,0-2 mi
03/01/2025 13:02,16.81,34.31666667,60.02,10-20 mi
26/01/2025 19:16,3.12,12.78333333,15.17,2-5 mi
06/01/2025 07:28,4.25,25.48333333,24.14,2-5 mi
04/01/2025 23:34,4.1,14.11666667,21.7,2-5 mi
21/01/2025 09:21,1.107,6.133333333,9.85,0-2 mi
24/01/2025 12:47,3.5,15,16.1,2-5 mi
02/01/2025 10:31,11.287,41.01666667,68.39,10-20 mi
21/01/2025 12:46,0.85,12.73333333,8.92,0-2 mi
12/01/2025 02:48,12.431,22.2,40.97,10-20 mi
22/01/2025 14:30,0.263,4.316666667,7.07,0-2 mi
15/01/2025 23:12,1.86,10.91666667,10.74,0-2 mi
08/01/2025 05:56,1.98,8.95,12.46,0-2 mi
24/01/2025 18:44,9.03,33.21666667,28.12,5-10 mi
05/01/2025 08:21,0.377,3.95,9.12,0-2 mi
31/01/2025 06:20,0.58,2.7,10.02,0-2 mi
25/01/2025 12:25,3.41,17.18333333,22.34,2-5 mi
24/01/2025 18:12,2.04,12.73333333,14.19,2-5 mi
25/01/2025 17:11,1.01,6.766666667,10.96,0-2 mi
22/01/2025 13:27,3.43,18.11666667,19.51,2-5 mi
14/01/2025 07:08,4.36,20.03333333,20.78,2-5 mi
23/01/2025 11:48,3.48,17.21666667,34.5,2-5 mi
07/01/2025 17:11,1.46,15.66666667,37.98,0-2 mi
29/01/2025 13:00,2.93,21.18333333,49.23,2-5 mi
04/01/2025 09:50,14.45,25.13333333,35.92,10-20 mi
11/01/2025 19:23,1.468,8.016666667,11.61,0-2 mi
14/01/2025 00:01,4.33,23.58333333,51.16,2-5 mi
19/01/2025 11:09,1.33,6.816666667,9.97,0-2 mi
22/01/2025 09:28,2.283,13.9,14.46,2-5 mi
18/01/2025 12:35,1.152,6.116666667,7.79,0-2 mi
10/01/2025 16:51,1.264,8.1,8.18,0-2 mi
30/01/2025 21:38,3.391,14.46666667,19.58,2-5 mi
10/01/2025 14:19,8.12,32.36666667,22.45,5-10 mi
07/01/2025 07:18,1.79,7.366666667,13.46,0-2 mi
15/01/2025 10:34,4.01,16.41666667,25.11,2-5 mi
10/01/2025 00:29,1.62,8.683333333,17.99,0-2 mi
25/01/2025 09:08,1.96,12.63333333,13.4,0-2 mi
24/01/2025 17:14,1.01,4.616666667,9.21,0-2 mi
07/01/2025 13:33,2.09,13.71666667,16.93,2-5 mi
19/01/2025 22:27,3.815,12.66666667,21.45,2-5 mi
05/01/2025 12:00,4.335,17.51666667,25.58,2-5 mi
17/01/2025 12:00,0.58,3.666666667,9.56,0-2 mi
16/01/2025 16:55,4.71,28.45,30.1,2-5 mi
03/01/2025 17:21,3.37,25.46666667,14.95,2-5 mi
22/01/2025 02:19,2.06,10.81666667,7.42,2-5 mi
16/01/2025 00:54,6.93,26.11666667,40.2,5-10 mi
11/01/2025 23:17,1.06,8.25,11.53,0-2 mi
12/01/2025 12:40,16.16,28.16666667,70.1,10-20 mi
01/01/2025 04:57,1.78,6.75,13.61,0-2 mi
08/01/2025 19:12,4.09,20.08333333,23.04,2-5 mi
23/01/2025 06:53,0.84,5.866666667,8.92,0-2 mi
22/01/2025 20:19,1.163,6.783333333,13.13,0-2 mi
27/01/2025 18:17,0.82,5.15,7.39,0-2 mi
19/01/2025 11:29,0.87,8.216666667,10.05,0-2 mi
08/01/2025 12:41,19.02,53.06666667,62.9,10-20 mi
24/01/2025 22:53,8.32,38.03333333,40.91,5-10 mi
25/01/2025 19:37,1.44,8.116666667,17.06,0-2 mi
24/01/2025 12:35,4.22,19.38333333,21.3,2-5 mi
20/01/2025 14:46,1.26,9.866666667,15.61,0-2 mi
16/01/2025 08:06,10.391,52.46666667,46.01,10-20 mi
18/01/2025 15:20,1.94,10.53333333,13.42,0-2 mi
16/01/2025 19:38,1.33,9.65,15.41,0-2 mi
26/01/2025 09:14,0.9,5.433333333,9.47,0-2 mi
12/01/2025 18:17,2.399,15.23333333,19.72,2-5 mi
07/01/2025 07:53,4.82,29.85,29.38,2-5 mi
02/01/2025 01:38,4.063,12.7,16.81,2-5 mi
14/01/2025 16:05,2.65,15.03333333,26.36,2-5 mi
17/01/2025 17:02,1.787,9.2,12.26,0-2 mi
01/01/2025 00:40,4.59,17.06666667,31.31,2-5 mi
10/01/2025 11:14,7.78,23.83333333,24.5,5-10 mi
03/01/2025 23:12,0.836,4.9,7.3,0-2 mi
04/01/2025 08:16,3.35,16.53333333,20.54,2-5 mi
31/01/2025 08:26,2.04,12.7,14.37,2-5 mi
02/01/2025 15:08,2.9,16.76666667,17.12,2-5 mi
03/01/2025 09:20,17,50.11666667,75.23,10-20 mi
22/01/2025 14:39,9.71,28.43333333,47.62,5-10 mi
02/01/2025 22:30,3.276,15.76666667,17.96,2-5 mi
23/01/2025 22:27,0.633,3.783333333,8.73,0-2 mi
08/01/2025 07:43,2.373,15.13333333,15.22,2-5 mi
22/01/2025 14:47,5.34,21.3,29.38,5-10 mi
12/01/2025 21:19,4.067,18.98333333,21.44,2-5 mi
11/01/2025 06:50,1.55,8.5,10.4,0-2 mi
25/01/2025 16:40,15.76,47.98333333,44.65,10-20 mi
23/01/2025 09:44,1.64,10.66666667,18.71,0-2 mi
26/01/2025 08:49,2.51,13.35,18.59,2-5 mi
22/01/2025 19:17,2.628,18.18333333,19.5,2-5 mi
10/01/2025 15:30,0.85,10.41666667,11.61,0-2 mi
21/01/2025 14:06,23.29,55.85,57.69,20-50 mi
29/01/2025 09:32,1.59,14.98333333,22.85,0-2 mi
11/01/2025 04:34,21.98,40.1,80.08,20-50 mi
11/01/2025 08:03,2.57,10.2,9.19,2-5 mi
21/01/2025 14:25,0.876,4.833333333,21.3,0-2 mi
12/01/2025 17:48,16.86,36.6,42.69,10-20 mi
13/01/2025 19:41,9.94,19.63333333,32.23,5-10 mi
19/01/2025 03:53,9.616,38.61666667,45.69,5-10 mi
11/01/2025 17:55,1.86,15.01666667,15.83,0-2 mi
11/01/2025 00:02,8.11,12.25,31.9,5-10 mi
13/01/2025 05:52,0.93,3.816666667,8.94,0-2 mi
08/01/2025 15:40,2.574,22.93333333,15.17,2-5 mi
15/01/2025 10:18,0.963,14.43333333,13.36,0-2 mi
26/01/2025 22:25,11.51,39.2,42.1,10-20 mi
07/01/2025 08:49,1.92,18.73333333,17.82,0-2 mi
18/01/2025 19:43,4.43,18.48333333,22.23,2-5 mi
29/01/2025 18:56,13.83,32.6,40.43,10-20 mi
05/01/2025 17:34,1.899,12.65,14.89,0-2 mi
01/01/2025 00:05,4.36,12.25,17.36,2-5 mi
25/01/2025 08:49,2.53,8.383333333,15.65,2-5 mi
15/01/2025 17:09,2.53,17.91666667,21.26,2-5 mi
12/01/2025 11:18,0.68,3.3,7.99,0-2 mi
03/01/2025 12:11,0.9,4.616666667,7.87,0-2 mi
07/01/2025 13:45,0.9,9.733333333,9.79,0-2 mi
10/01/2025 09:55,2.031,7.966666667,12.36,2-5 mi
02/01/2025 01:24,0.55,6.4,9.79,0-2 mi
31/01/2025 21:23,1.21,9.416666667,11.51,0-2 mi
23/01/2025 07:13,2.138,15.2,18.62,2-5 mi
21/01/2025 01:27,0.926,6.766666667,7.08,0-2 mi
06/01/2025 12:26,2.805,12.9,11.77,2-5 mi
21/01/2025 08:38,0.69,3.166666667,8.91,0-2 mi
30/01/2025 21:42,7.86,26.31666667,25.9,5-10 mi
22/01/2025 12:40,1.62,16.55,24.65,0-2 mi
30/01/2025 23:22,1.333,10.58333333,18.79,0-2 mi
24/01/2025 21:01,2.13,18.2,21.66,2-5 mi
06/01/2025 00:39,1.68,8.383333333,10.75,0-2 mi
18/01/2025 00:14,2.835,18.3,18.96,2-5 mi
01/01/2025 10:36,14.27,28.8,40.03,10-20 mi
13/01/2025 18:17,1.46,11.11666667,10.31,0-2 mi
06/01/2025 18:29,1.66,10.6,13.11,0-2 mi
19/01/2025 16:03,3.05,15.06666667,11.65,2-5 mi
18/01/2025 19:40,2.53,18.23333333,17.12,2-5 mi
28/01/2025 19:45,1.79,9.683333333,12.66,0-2 mi
30/01/2025 16:50,3.66,16.41666667,21.25,2-5 mi
03/01/2025 12:31,1.2,8.05,10.1,0-2 mi
28/01/2025 11:28,2.505,20.55,16.58,2-5 mi
08/01/2025 18:07,0.94,9.1,28.64,0-2 mi
16/01/2025 23:38,1.74,6.933333333,9.27,0-2 mi
22/01/2025 06:53,2.11,8.433333333,17.5,2-5 mi
24/01/2025 20:34,1.375,7.616666667,11.53,0-2 mi
13/01/2025 10:16,3.32,12.63333333,15.04,2-5 mi
05/01/2025 11:40,1.78,17.55,21.71,0-2 mi
18/01/2025 22:15,2.28,13.16666667,12.78,2-5 mi
20/01/2025 11:03,5.6,20.76666667,19.64,5-10 mi
22/01/2025 18:07,4.161,15.38333333,22.82,2-5 mi
02/01/2025 22:05,0.98,6.066666667,8.62,0-2 mi
19/01/2025 08:56,4.78,28.31666667,19.16,2-5 mi
24/01/2025 19:16,3.562,14.83333333,17.4,2-5 mi
07/01/2025 04:09,13.15,27.83333333,25.84,10-20 mi
29/01/2025 17:19,10.07,28.45,61.58,10-20 mi
16/01/2025 06:22,4.54,15.01666667,19.33,2-5 mi
17/01/2025 12:20,5.83,26.78333333,25.21,5-10 mi
28/01/2025 10:36,1.297,10.8,13.81,0-2 mi
01/01/2025 19:28,3.35,13.2,18.75,2-5 mi
23/01/2025 07:17,2.55,10.83333333,12.76,2-5 mi
17/01/2025 12:46,9.4,33.06666667,48.12,5-10 mi
18/01/2025 06:16,3.18,20.98333333,10.19,2-5 mi
13/01/2025 22:01,3.32,8.45,10.07,2-5 mi
24/01/2025 04:48,1.74,8.7,9.83,0-2 mi
26/01/2025 19:35,2.294,12,17.85,2-5 mi
07/01/2025 23:24,13.557,33.98333333,48.97,10-20 mi
04/01/2025 20:18,1.429,16.53333333,10.98,0-2 mi
26/01/2025 19:01,2.6,15.78333333,11.73,2-5 mi
13/01/2025 10:22,2.369,15.36666667,18.12,2-5 mi
01/01/2025 01:54,6.529,22.46666667,67.33,5-10 mi
31/01/2025 05:44,14.02,33.98333333,45.46,10-20 mi
16/01/2025 16:27,19.03,59.53333333,98.71,10-20 mi
28/01/2025 15:41,14.16,28.08333333,58.38,10-20 mi
05/01/2025 12:35,5.65,23.56666667,30.64,5-10 mi
24/01/2025 15:35,0.9,9.616666667,15.55,0-2 mi
25/01/2025 12:11,2.4,11.3,11.7,2-5 mi
16/01/2025 17:11,2.05,12.06666667,14.55,2-5 mi
23/01/2025 15:14,5.17,18.78333333,16.76,5-10 mi
04/01/2025 11:35,3.11,21.58333333,42.41,2-5 mi
14/01/2025 14:10,1.73,9.533333333,12.5,0-2 mi
27/01/2025 12:27,5.65,26.15,21.43,5-10 mi
19/01/2025 12:25,8.35,29.11666667,42.42,5-10 mi
01/01/2025 08:59,2.25,10.81666667,12.07,2-5 mi
11/01/2025 00:36,0.499,4.083333333,10.85,0-2 mi
18/01/2025 04:06,6.75,18.76666667,24.86,5-10 mi
22/01/2025 00:56,3.35,17.55,16.4,2-5 mi
31/01/2025 19:44,0.771,8.816666667,8.71,0-2 mi
15/01/2025 23:26,18.22,33.3,95.05,10-20 mi
09/01/2025 22:07,1.32,6.55,8.44,0-2 mi
18/01/2025 17:34,9.15,23.56666667,28.64,5-10 mi
31/01/2025 21:24,2.758,16.25,15.67,2-5 mi
04/01/2025 13:19,1.47,7.866666667,10.08,0-2 mi
13/01/2025 18:17,2.29,19.41666667,19.41,2-5 mi
14/01/2025 13:40,1.855,12.66666667,12.54,0-2 mi
28/01/2025 21:03,2.06,11.95,11.22,2-5 mi
04/01/2025 00:31,1.63,9.1,12.5,0-2 mi
21/01/2025 20:42,0.88,5.233333333,8.38,0-2 mi
23/01/2025 19:15,5.802,24.3,28.17,5-10 mi
15/01/2025 06:18,1.81,7.883333333,10.37,0-2 mi
08/01/2025 18:36,2.42,8.083333333,16.12,2-5 mi
13/01/2025 17:21,7.09,29.08333333,26.95,5-10 mi
10/01/2025 18:41,0.97,7.833333333,8.95,0-2 mi
20/01/2025 07:21,2.827,13.46666667,15,2-5 mi
15/01/2025 14:23,0.97,5.966666667,11.78,0-2 mi
25/01/2025 22:13,7.038,23.15,76.48,5-10 mi
10/01/2025 09:08,5.6,21.53333333,25.16,5-10 mi
14/01/2025 15:54,1.34,8.55,10.7,0-2 mi
23/01/2025 07:54,5.82,17.91666667,31.65,5-10 mi
02/01/2025 06:38,7.5,19.93333333,26.44,5-10 mi
24/01/2025 07:55,14.86,35.56666667,72.43,10-20 mi
10/01/2025 09:00,1.18,8.25,10.68,0-2 mi
23/01/2025 03:03,6.5,23.68333333,20.26,5-10 mi
21/01/2025 22:08,3.445,19.36666667,20.6,2-5 mi
26/01/2025 00:39,2.243,15.28333333,15.61,2-5 mi
02/01/2025 09:19,0.47,5.433333333,7.85,0-2 mi
21/01/2025 06:18,1.29,8.566666667,9.84,0-2 mi
03/01/2025 21:07,5.28,18.51666667,35.06,5-10 mi
29/01/2025 22:31,9.08,24.55,40.29,5-10 mi
03/01/2025 22:39,5.21,15.43333333,19.12,5-10 mi
05/01/2025 09:31,3.94,12.96666667,21.23,2-5 mi
04/01/2025 22:07,4.73,25.51666667,29.5,2-5 mi
24/01/2025 20:49,16.63,28.8,42.86,10-20 mi
15/01/2025 10:17,1.29,8.566666667,7.12,0-2 mi
03/01/2025 12:22,2.82,14.71666667,9.92,2-5 mi
12/01/2025 12:09,10.38,20.35,25.64,10-20 mi
11/01/2025 22:11,2.557,13.26666667,15.87,2-5 mi
01/01/2025 18:31,1.602,10.2,9.63,0-2 mi
28/01/2025 23:06,1.56,12.08333333,13.43,0-2 mi
25/01/2025 21:39,4.85,20.21666667,26.39,2-5 mi
13/01/2025 01:43,8.735,20.03333333,32.61,5-10 mi
08/01/2025 10:00,1.544,8.933333333,9.17,0-2 mi
29/01/2025 14:18,1.86,7.883333333,9.88,0-2 mi
05/01/2025 12:59,0.66,4.716666667,8.53,0-2 mi
06/01/2025 22:16,0.716,3.416666667,10.04,0-2 mi
13/01/2025 05:34,2.419,6.366666667,9.85,2-5 mi
14/01/2025 06:54,10.96,30.93333333,55.34,10-20 mi
22/01/2025 09:25,6.34,24.01666667,28.95,5-10 mi
18/01/2025 14:10,4.52,16.2,24.74,2-5 mi
11/01/2025 14:49,1.63,7.883333333,10.82,0-2 mi
08/01/2025 21:01,5.822,28.01666667,31.73,5-10 mi
09/01/2025 06:44,2.45,13,18.33,2-5 mi
28/01/2025 12:15,7.42,31.9,65.59,5-10 mi
16/01/2025 17:51,6.51,16.13333333,31.99,5-10 mi
19/01/2025 13:04,11.35,36.23333333,31.06,10-20 mi
10/01/2025 14:42,1.71,9.633333333,14.31,0-2 mi
16/01/2025 19:48,1.12,6.066666667,9.21,0-2 mi
02/01/2025 06:57,6.13,20.2,24.5,5-10 mi
15/01/2025 14:00,1.03,7.316666667,8.95,0-2 mi
06/01/2025 12:30,0.68,5.333333333,8.89,0-2 mi
18/01/2025 16:20,1.83,14.28333333,14.27,0-2 mi
21/01/2025 14:36,5.08,19.31666667,24.11,5-10 mi
30/01/2025 18:44,5,29.41666667,51.19,5-10 mi
08/01/2025 07:44,9.69,20.53333333,19.4,5-10 mi
27/01/2025 15:00,13.93,32.63333333,38.9,10-20 mi
06/01/2025 16:52,0.938,11.48333333,8.14,0-2 mi
13/01/2025 10:52,2.61,11.18333333,21.4,2-5 mi
16/01/2025 13:07,3.31,20.05,17.02,2-5 mi
02/01/2025 17:24,18.29,59.75,72.42,10-20 mi
14/01/2025 14:06,4.983,35.4,26.64,2-5 mi
18/01/2025 10:27,11.32,32.16666667,32.1,10-20 mi
24/01/2025 06:17,1.639,12.58333333,13.24,0-2 mi
19/01/2025 09:22,1.801,11.23333333,9.59,0-2 mi
25/01/2025 17:55,1.753,10.63333333,11.62,0-2 mi
22/01/2025 20:30,6.8,34.01666667,29.55,5-10 mi
18/01/2025 03:34,9.15,36.68333333,63.86,5-10 mi
04/01/2025 09:55,5.352,26.61666667,31.67,5-10 mi
07/01/2025 08:21,1.48,13.5,9.04,0-2 mi
13/01/2025 13:27,1.7,10.55,12.69,0-2 mi
13/01/2025 08:41,3.79,13.36666667,17.85,2-5 mi
11/01/2025 03:40,7.046,18.28333333,22.16,5-10 mi
11/01/2025 13:29,6.73,20.45,21.99,5-10 mi
12/01/2025 14:51,17.36,43.7,55.95,10-20 mi
20/01/2025 16:33,7.787,30.8,21.03,5-10 mi
09/01/2025 15:44,1.48,8.866666667,12.46,0-2 mi
03/01/2025 20:05,0.97,7.566666667,9.8,0-2 mi
16/01/2025 10:08,1.73,13.13333333,12.03,0-2 mi
23/01/2025 17:17,2.912,34.85,26.09,2-5 mi
09/01/2025 20:36,4.661,12.96666667,19.91,2-5 mi
12/01/2025 17:43,10.136,43.8,55.64,10-20 mi
01/01/2025 15:24,1.553,12.36666667,13.27,0-2 mi
29/01/2025 05:41,1.08,4.4,8.39,0-2 mi
11/01/2025 13:13,1.555,8.45,11.64,0-2 mi
23/01/2025 18:27,3.76,16.71666667,15.72,2-5 mi
29/01/2025 17:08,0.88,4.25,7.69,0-2 mi
20/01/2025 22:27,13.68,38.11666667,46.26,10-20 mi
29/01/2025 09:32,1.86,15.63333333,14.61,0-2 mi
14/01/2025 23:21,1.725,7.833333333,12.07,0-2 mi
12/01/2025 21:24,1.7,11.63333333,13.21,0-2 mi
28/01/2025 14:50,4.481,16.08333333,20.41,2-5 mi
30/01/2025 09:28,1.36,8.266666667,11.44,0-2 mi
03/01/2025 11:58,18.5,50.46666667,82.47,10-20 mi
24/01/2025 17:40,2.91,19.95,17.04,2-5 mi
16/01/2025 10:22,32.4,52.48333333,100.02,20-50 mi
30/01/2025 16:54,3.547,28.56666667,39.69,2-5 mi
21/01/2025 15:52,1.09,16.63333333,13.51,0-2 mi
04/01/2025 11:41,2.27,11.21666667,15.63,2-5 mi
17/01/2025 14:15,7.09,25.46666667,36.07,5-10 mi
24/01/2025 16:37,1.66,12.01666667,15.9,0-2 mi
29/01/2025 07:57,3.39,18.21666667,24.3,2-5 mi
01/01/2025 00:33,1.53,11,12.59,0-2 mi
02/01/2025 17:24,7.17,20.73333333,25.93,5-10 mi
24/01/2025 19:37,3.073,18.65,19.9,2-5 mi
26/01/2025 09:40,14.95,26.25,48.15,10-20 mi
18/01/2025 23:35,2.27,11.3,14.28,2-5 mi
20/01/2025 03:45,4.94,20.48333333,35.15,2-5 mi
12/01/2025 01:07,2.38,8.533333333,11.88,2-5 mi
27/01/2025 02:06,1.42,6.966666667,7.4,0-2 mi
22/01/2025 21:15,1.241,6.483333333,7.65,0-2 mi
28/01/2025 07:59,2.57,15.08333333,29.49,2-5 mi
30/01/2025 03:44,2.214,8.733333333,11.15,2-5 mi
05/01/2025 07:32,4.03,17.88333333,21.51,2-5 mi
08/01/2025 18:03,1.77,10.08333333,11.34,0-2 mi
07/01/2025 12:09,10.458,22.63333333,44.4,10-20 mi
07/01/2025 18:48,0.99,4.883333333,7.24,0-2 mi
22/01/2025 08:09,0.87,6.733333333,9.94,0-2 mi
06/01/2025 00:11,0.771,5.85,7.26,0-2 mi
31/01/2025 05:21,1.923,8.6,10.57,0-2 mi
07/01/2025 14:28,4.22,23.63333333,24.35,2-5 mi
03/01/2025 07:53,1.99,9.116666667,11.97,0-2 mi
06/01/2025 00:34,3.48,11.33333333,23.85,2-5 mi
09/01/2025 05:15,14.61,33.25,54.52,10-20 mi
31/01/2025 17:33,3.41,21.51666667,21.08,2-5 mi
21/01/2025 16:11,1.61,10.66666667,28.34,0-2 mi
09/01/2025 21:47,4.99,18.6,35.96,2-5 mi
13/01/2025 20:43,1.32,6.65,9.83,0-2 mi
02/01/2025 08:47,17.31,77.66666667,75.23,10-20 mi
11/01/2025 19:00,2.647,14.61666667,19.64,2-5 mi
21/01/2025 18:42,1.63,9.516666667,9.77,0-2 mi
12/01/2025 22:38,5.54,17.41666667,28.82,5-10 mi
09/01/2025 21:38,1.018,6.166666667,7.58,0-2 mi
30/01/2025 14:01,3.03,19.85,17.05,2-5 mi
08/01/2025 16:23,1.403,19.05,15,0-2 mi
21/01/2025 06:44,3.26,15.55,37.12,2-5 mi
23/01/2025 20:55,0.98,3.966666667,8.84,0-2 mi
31/01/2025 05:10,1.79,9.066666667,11.03,0-2 mi
03/01/2025 08:02,1.14,7.833333333,11.75,0-2 mi
23/01/2025 20:03,0.94,4.516666667,8.5,0-2 mi
07/01/2025 08:13,5.4,20.43333333,15.83,5-10 mi
05/01/2025 00:00,10.99,36.9,21.01,10-20 mi
15/01/2025 16:04,0.721,5.366666667,8.27,0-2 mi
17/01/2025 22:12,2.8,18.28333333,10.39,2-5 mi
11/01/2025 16:49,2.16,15.28333333,17.95,2-5 mi
17/01/2025 12:30,4.422,27.18333333,22.24,2-5 mi
14/01/2025 14:57,1.14,9.4,8.93,0-2 mi
28/01/2025 17:01,6.52,33.08333333,41.61,5-10 mi
31/01/2025 19:56,1.55,7.716666667,10.57,0-2 mi
10/01/2025 14:19,1.76,13.36666667,12.58,0-2 mi
20/01/2025 04:02,10.174,23.46666667,50.91,10-20 mi
10/01/2025 14:25,2.56,16.46666667,16.91,2-5 mi
03/01/2025 19:49,1.34,6.766666667,22.36,0-2 mi
26/01/2025 21:39,3.18,16.75,15.89,2-5 mi
02/01/2025 14:21,16.92,51.15,45.66,10-20 mi
11/01/2025 13:26,16.65,28.26666667,64.5,10-20 mi
11/01/2025 19:13,5.65,42.45,73.19,5-10 mi
20/01/2025 08:42,1.685,9.016666667,13.92,0-2 mi
27/01/2025 07:56,0.66,5.15,10.36,0-2 mi
17/01/2025 19:04,0.9,6.5,7.15,0-2 mi
22/01/2025 08:17,2.62,25.21666667,50.14,2-5 mi
18/01/2025 23:46,2.17,16.18333333,31.23,2-5 mi
04/01/2025 13:41,0.62,3.883333333,8.88,0-2 mi
19/01/2025 08:55,5.937,12.28333333,29.75,5-10 mi
24/01/2025 18:33,1.12,10.83333333,13.85,0-2 mi
10/01/2025 14:12,2.01,13.85,19,2-5 mi
17/01/2025 18:40,1.2,5.85,8.41,0-2 mi
29/01/2025 19:52,5.2,23.4,30.68,5-10 mi
21/01/2025 00:57,4.66,8.433333333,14.81,2-5 mi
03/01/2025 13:33,2.59,17.65,17.87,2-5 mi
04/01/2025 22:05,11.95,20.85,41.82,10-20 mi
25/01/2025 05:36,2.079,9.833333333,10.59,2-5 mi
18/01/2025 00:20,14.87,30.01666667,51,10-20 mi
03/01/2025 22:14,12.43,21.28333333,40.31,10-20 mi
05/01/2025 16:56,5.11,21.33333333,28.97,5-10 mi
29/01/2025 13:20,6.17,25.65,36.99,5-10 mi
10/01/2025 05:53,0.88,4.616666667,8.91,0-2 mi
26/01/2025 15:44,7.91,37.26666667,35.94,5-10 mi
10/01/2025 16:52,3.13,14.68333333,20.8,2-5 mi
15/01/2025 12:01,1.18,12.95,12.19,0-2 mi
16/01/2025 19:35,5.79,21.9,21.43,5-10 mi
18/01/2025 18:37,6.36,20.71666667,23.14,5-10 mi
11/01/2025 12:10,1.13,5.983333333,6.67,0-2 mi
14/01/2025 05:24,16.5,34.58333333,67.4,10-20 mi
03/01/2025 10:10,7,27.5,26.82,5-10 mi
29/01/2025 07:21,7.87,35.76666667,78.11,5-10 mi
09/01/2025 13:54,1.17,7.55,11.29,0-2 mi
13/01/2025 20:14,1.05,7.583333333,8.93,0-2 mi
06/01/2025 06:40,1.36,7.233333333,11.63,0-2 mi
28/01/2025 22:11,3.578,16.21666667,21.72,2-5 mi
06/01/2025 12:05,7.87,34.03333333,53.15,5-10 mi
20/01/2025 23:08,7.96,28.75,30.61,5-10 mi
29/01/2025 15:28,22.98,62.7,87.15,20-50 mi
01/01/2025 11:40,11.44,29.63333333,62.37,10-20 mi
28/01/2025 21:21,11.03,23.3,30.52,10-20 mi
28/01/2025 22:20,2.67,9.9,13.76,2-5 mi
23/01/2025 14:14,21.69,76,95.35,20-50 mi
20/01/2025 17:15,2.16,9.6,9.42,2-5 mi
15/01/2025 00:04,2.636,11.58333333,13.19,2-5 mi
22/01/2025 17:00,0.97,10.31666667,14.27,0-2 mi
17/01/2025 17:29,1.47,7.716666667,13.56,0-2 mi
03/01/2025 22:08,3.432,18.68333333,21.74,2-5 mi
05/01/2025 14:13,2.2,10.1,13.42,2-5 mi
18/01/2025 17:36,16.29,32.38333333,56.86,10-20 mi
04/01/2025 07:28,4.611,20.01666667,24.43,2-5 mi
11/01/2025 17:14,1.868,17.16666667,15,0-2 mi
06/01/2025 14:40,5.32,39.23333333,28.88,5-10 mi
31/01/2025 10:54,0.63,5.516666667,7.45,0-2 mi
18/01/2025 17:19,6.52,23.23333333,23.22,5-10 mi
08/01/2025 07:50,0.818,10.43333333,8.38,0-2 mi
01/01/2025 15:34,13.615,70.01666667,98.44,10-20 mi
22/01/2025 18:23,1.9,9.95,12.45,0-2 mi
08/01/2025 08:46,3.3,20.8,31.57,2-5 mi
29/01/2025 09:59,19.45,61.78333333,129.25,10-20 mi
16/01/2025 22:14,0.864,3.266666667,7.3,0-2 mi
10/01/2025 16:30,1.87,13.76666667,17.09,0-2 mi
18/01/2025 10:42,1.118,6.966666667,8.86,0-2 mi
27/01/2025 12:34,1.09,10.03333333,9.96,0-2 mi
05/01/2025 07:21,3.12,16.81666667,21.74,2-5 mi
25/01/2025 14:02,3.058,14.15,12.54,2-5 mi
10/01/2025 09:07,0.66,6.216666667,13.67,0-2 mi
11/01/2025 07:07,1.57,9.083333333,13.61,0-2 mi
06/01/2025 08:02,3.733,20.56666667,36.81,2-5 mi
26/01/2025 00:03,2.895,9.7,11.9,2-5 mi
13/01/2025 18:04,1.7,9.233333333,12.5,0-2 mi
02/01/2025 12:47,0.96,7.183333333,6.39,0-2 mi
17/01/2025 18:10,0.89,8.666666667,11,0-2 mi
15/01/2025 17:58,17.62,39.23333333,61.15,10-20 mi
05/01/2025 18:50,7.82,41.58333333,27.16,5-10 mi
31/01/2025 19:31,4.29,13.33333333,16.84,2-5 mi
31/01/2025 21:19,3.33,9.383333333,13.43,2-5 mi
06/01/2025 09:27,6.97,18.1,27.13,5-10 mi
25/01/2025 18:17,14.46,34.15,64.72,10-20 mi
06/01/2025 17:28,1.34,9.616666667,11.56,0-2 mi
05/01/2025 07:19,15.746,28.6,54.11,10-20 mi
14/01/2025 08:01,1.4,11.7,18.26,0-2 mi
24/01/2025 06:54,16.8,37.68333333,43.6,10-20 mi
25/01/2025 16:46,4.98,22.5,24.51,2-5 mi
08/01/2025 16:02,1.05,8.583333333,9.11,0-2 mi
06/01/2025 15:55,1.12,7.616666667,8.94,0-2 mi
17/01/2025 19:11,2.05,15.51666667,19.9,2-5 mi
04/01/2025 12:29,1.23,11.98333333,12.74,0-2 mi
13/01/2025 10:45,2.76,21.1,26.24,2-5 mi
30/01/2025 08:59,30.76,63.61666667,92.95,20-50 mi
14/01/2025 18:02,1.4,9.033333333,12.72,0-2 mi
16/01/2025 18:46,5.48,22.85,41.4,5-10 mi
29/01/2025 13:53,4.243,28.75,26.61,2-5 mi
13/01/2025 21:36,2.462,13.25,13.29,2-5 mi
08/01/2025 22:22,1.447,14.48333333,11.64,0-2 mi
07/01/2025 19:30,12.56,33.11666667,60.96,10-20 mi
17/01/2025 11:21,6.76,21.5,26.94,5-10 mi
31/01/2025 17:59,1.054,10.88333333,10.56,0-2 mi
04/01/2025 17:44,0.82,4.616666667,8.59,0-2 mi
19/01/2025 16:13,2.55,12.48333333,15.44,2-5 mi
01/01/2025 02:13,2.75,7.516666667,20.52,2-5 mi
23/01/2025 05:42,2.07,9.85,7.58,2-5 mi
04/01/2025 19:37,1.332,19.45,18.7,0-2 mi
21/01/2025 19:52,32.51,40.96666667,103.16,20-50 mi
18/01/2025 04:09,7.71,15.08333333,27.75,5-10 mi
26/01/2025 10:47,2.096,13,14.48,2-5 mi
02/01/2025 07:29,12.39,41.51666667,81,10-20 mi
24/01/2025 19:30,6.5,26.78333333,23.95,5-10 mi
24/01/2025 22:51,5.56,12.6,21.16,5-10 mi
12/01/2025 14:37,1.995,9.333333333,9.63,0-2 mi
23/01/2025 17:47,1.55,10.23333333,23.76,0-2 mi
26/01/2025 09:46,5.2,17.93333333,28.44,5-10 mi
23/01/2025 13:40,2.396,13.83333333,13.31,2-5 mi
09/01/2025 19:40,1.07,8.183333333,6.12,0-2 mi
08/01/2025 19:26,1.58,8.383333333,9.98,0-2 mi
07/01/2025 21:08,13.81,23.23333333,33.06,10-20 mi
24/01/2025 11:53,1.583,10.58333333,12.54,0-2 mi
23/01/2025 03:34,4.27,17.28333333,18.95,2-5 mi
15/01/2025 17:17,1.57,15.65,23.33,0-2 mi
18/01/2025 12:53,1.135,8.966666667,10.24,0-2 mi
27/01/2025 14:11,0.72,3.833333333,13.31,0-2 mi
31/01/2025 12:01,2.472,20.03333333,19.31,2-5 mi
13/01/2025 14:41,1.02,7.566666667,25.08,0-2 mi
