pickup_datetime,trip_miles,trip_time,base_passenger_fare,distance_bin,log_fare,log_miles,log_time,log_miles_long,log_time_long,long_dummy,log_miles_interact,log_time_interact
31/01/2025 02:51,2.889,16.05,15.39,2-5 mi,2.733717948,1.060910422,2.77570885,0,0,0,0,0
25/01/2025 21:16,1.483,9.45,12.47,0-2 mi,2.52332576,0.394067063,2.246014742,0,0,0,0,0
29/01/2025 21:34,3.68,14.65,16.73,2-5 mi,2.817203515,1.302912752,2.684440336,0,0,0,0,0
07/01/2025 18:28,1.93,12.6,11.2,0-2 mi,2.415913778,0.657520003,2.533696814,0,0,0,0,0
18/01/2025 21:26,3.19,9.583333333,14.31,2-5 mi,2.660958594,1.160020917,2.260025479,0,0,0,0,0
06/01/2025 10:11,0.42,5.783333333,10.02,0-2 mi,2.304583096,-0.867500568,1.754980218,0,0,0,0,0
12/01/2025 00:04,1.38,7.216666667,8.68,0-2 mi,2.161021529,0.322083499,1.976393166,0,0,0,0,0
24/01/2025 17:13,0.84,6.85,5.39,0-2 mi,1.684545385,-0.174353387,1.924248652,0,0,0,0,0
16/01/2025 19:58,1.3,9.066666667,10.91,0-2 mi,2.3896798,0.262364265,2.204604685,0,0,0,0,0
16/01/2025 13:21,1.68,13.71666667,14.28,0-2 mi,2.658859957,0.518793793,2.618611639,0,0,0,0,0
23/01/2025 00:48,4.243,9.116666667,15.01,2-5 mi,2.708716646,1.445270566,2.21010424,0,0,0,0,0
25/01/2025 01:21,1.362,7.4,9.18,0-2 mi,2.217027205,0.308954208,2.00148,0,0,0,0,0
14/01/2025 12:19,3.07,22.48333333,28.93,2-5 mi,3.364879119,1.121677562,3.112774294,0,0,0,0,0
10/01/2025 00:57,2.76,11.83333333,14.28,2-5 mi,2.658859957,1.01523068,2.470920408,0,0,0,0,0
05/01/2025 10:50,2.07,10.28333333,20.48,2-5 mi,3.0194488,0.727548607,2.330524462,0,0,0,0,0
20/01/2025 21:29,1.929,11.25,10.56,0-2 mi,2.357073278,0.657001734,2.420368129,0,0,0,0,0
27/01/2025 13:16,0.456,8.333333333,9.07,0-2 mi,2.204972264,-0.78526247,2.120263536,0,0,0,0,0
09/01/2025 20:01,2.41,10.88333333,15.61,2-5 mi,2.747911735,0.879626748,2.387232567,0,0,0,0,0
07/01/2025 15:48,1.8,19.68333333,14.35,0-2 mi,2.663749942,0.587786665,2.979772254,0,0,0,0,0
20/01/2025 03:01,2.53,13.55,14.29,2-5 mi,2.659559992,0.928219303,2.606386547,0,0,0,0,0
16/01/2025 05:03,2.01,9.516666667,6.65,2-5 mi,1.894616855,0.698134722,2.253044647,0,0,0,0,0
10/01/2025 18:16,3.81,14.43333333,16.99,2-5 mi,2.832624936,1.337629189,2.669540346,0,0,0,0,0
22/01/2025 09:38,1.53,10.6,12.35,0-2 mi,2.513656063,0.425267735,2.360854001,0,0,0,0,0
01/01/2025 02:38,4.24,18.71666667,18.89,2-5 mi,2.938632682,1.444563269,2.929414393,0,0,0,0,0
17/01/2025 07:02,1.54,9.466666667,10.95,0-2 mi,2.393339456,0.431782416,2.247776857,0,0,0,0,0
05/01/2025 19:29,1.014,13.05,10.91,0-2 mi,2.3896798,0.013902905,2.568788134,0,0,0,0,0
12/01/2025 09:18,4.51,21.26666667,20.14,2-5 mi,3.002707887,1.506297154,3.057140902,0,0,0,0,0
12/01/2025 20:38,3.36,16.63333333,17.12,2-5 mi,2.840247371,1.211940974,2.811408714,0,0,0,0,0
21/01/2025 17:02,2.02,19.95,25.24,2-5 mi,3.228430038,0.703097511,2.993229143,0,0,0,0,0
23/01/2025 07:24,2.87,24.38333333,24.06,2-5 mi,3.180550711,1.05431203,3.193899839,0,0,0,0,0
06/01/2025 21:06,4.71,23.53333333,25.5,2-5 mi,3.238678452,1.549687908,3.158417856,0,0,0,0,0
20/01/2025 19:44,1.24,6.066666667,9.09,0-2 mi,2.207174908,0.21511138,1.802809305,0,0,0,0,0
16/01/2025 18:37,1.466,13.93333333,19.24,0-2 mi,2.956991445,0.382537604,2.634284051,0,0,0,0,0
12/01/2025 22:28,2.145,11.38333333,12.08,2-5 mi,2.491551193,0.763139552,2.432150297,0,0,0,0,0
17/01/2025 13:18,3.27,16.05,17.18,2-5 mi,2.843745917,1.184789985,2.77570885,0,0,0,0,0
04/01/2025 15:53,2.668,21.55,31.47,2-5 mi,3.449034711,0.981329128,3.070375817,0,0,0,0,0
29/01/2025 07:39,3.09,20.65,13.61,2-5 mi,2.610804817,1.128171091,3.027715319,0,0,0,0,0
11/01/2025 14:09,1.51,14.35,8.23,0-2 mi,2.107786015,0.412109651,2.663749942,0,0,0,0,0
27/01/2025 14:58,1.57,8.433333333,13.04,0-2 mi,2.568021557,0.451075619,2.132192107,0,0,0,0,0
07/01/2025 17:53,0.64,5.216666667,10.94,0-2 mi,2.392425797,-0.446287103,1.651858628,0,0,0,0,0
19/01/2025 18:40,0.57,3.6,7.32,0-2 mi,1.990610328,-0.562118918,1.280933846,0,0,0,0,0
20/01/2025 08:42,1.13,5.516666667,11.59,0-2 mi,2.450142657,0.122217633,1.707773813,0,0,0,0,0
16/01/2025 14:11,1.15,6.216666667,9.81,0-2 mi,2.283402274,0.139761942,1.827233857,0,0,0,0,0
03/01/2025 02:17,1.13,5.916666667,9.16,0-2 mi,2.214846179,0.122217633,1.777773227,0,0,0,0,0
09/01/2025 08:01,0.58,6.366666667,10.72,0-2 mi,2.372111156,-0.544727175,1.851076046,0,0,0,0,0
15/01/2025 07:03,0.8,9.216666667,9.35,0-2 mi,2.235376343,-0.223143551,2.221013439,0,0,0,0,0
03/01/2025 11:57,2.19,17.15,19,2-5 mi,2.944438979,0.783901544,2.841998174,0,0,0,0,0
10/01/2025 20:03,3.62,20.45,20.17,2-5 mi,3.004196352,1.286474026,3.017982883,0,0,0,0,0
13/01/2025 15:48,2.3,15.48333333,15.15,2-5 mi,2.718000532,0.832909123,2.739764177,0,0,0,0,0
29/01/2025 19:42,0.742,5.3,6.26,0-2 mi,1.834180185,-0.298406036,1.667706821,0,0,0,0,0
26/01/2025 21:22,1.86,8.833333333,13.56,0-2 mi,2.607124283,0.620576488,2.178532444,0,0,0,0,0
16/01/2025 19:10,4.18,29.58333333,20.12,2-5 mi,3.001714345,1.430311247,3.38721114,0,0,0,0,0
25/01/2025 21:54,3.192,17.23333333,20.89,2-5 mi,3.039270576,1.16064768,2.846845493,0,0,0,0,0
06/01/2025 18:53,1.97,6.15,8.96,0-2 mi,2.192770227,0.678033543,1.816452082,0,0,0,0,0
15/01/2025 09:07,3.08,41.91666667,25.59,2-5 mi,3.24220165,1.124929597,3.73568352,0,0,0,0,0
31/01/2025 18:37,3.67,27.65,20.79,2-5 mi,3.034472102,1.300191662,3.319625728,0,0,0,0,0
28/01/2025 15:47,3.69,18.08333333,45.01,2-5 mi,3.806884687,1.305626458,2.894990704,0,0,0,0,0
19/01/2025 16:32,1.2,6.7,26.58,0-2 mi,3.280159053,0.182321557,1.902107526,0,0,0,0,0
15/01/2025 19:02,1.26,8.866666667,13.56,0-2 mi,2.607124283,0.231111721,2.182298927,0,0,0,0,0
18/01/2025 10:24,1.858,13.58333333,11.15,0-2 mi,2.411439498,0.61950064,2.608843551,0,0,0,0,0
28/01/2025 10:49,4.57,17.15,20.27,2-5 mi,3.009141961,1.519513205,2.841998174,0,0,0,0,0
29/01/2025 09:40,2.87,17.91666667,17.71,2-5 mi,2.874129452,1.05431203,2.885731378,0,0,0,0,0
27/01/2025 04:38,2.1,8.066666667,12.07,2-5 mi,2.490723035,0.741937345,2.087740345,0,0,0,0,0
10/01/2025 11:22,0.99,5.966666667,8.93,0-2 mi,2.189416395,-0.010050336,1.786188424,0,0,0,0,0
29/01/2025 12:44,1.258,7.45,8.73,0-2 mi,2.16676537,0.229523158,2.008214032,0,0,0,0,0
02/01/2025 23:25,2.7,14.98333333,18.01,2-5 mi,2.890927159,0.993251773,2.706938472,0,0,0,0,0
11/01/2025 04:44,4.772,10.5,17.87,2-5 mi,2.883123329,1.562765504,2.351375257,0,0,0,0,0
08/01/2025 18:02,1.46,10.45,34.89,0-2 mi,3.552200255,0.378436436,2.346601978,0,0,0,0,0
14/01/2025 08:57,3.03,27.96666667,44.28,2-5 mi,3.790533108,1.10856262,3.331013325,0,0,0,0,0
23/01/2025 06:11,1.458,4.083333333,9.63,0-2 mi,2.264883226,0.377065634,1.406913648,0,0,0,0,0
31/01/2025 02:57,0.61,5.35,7,0-2 mi,1.945910149,-0.494296322,1.677096561,0,0,0,0,0
17/01/2025 12:34,3.49,28.21666667,30,2-5 mi,3.401197382,1.249901736,3.33991282,0,0,0,0,0
03/01/2025 20:01,4.18,9.966666667,17.41,2-5 mi,2.857044754,1.430311247,2.299246192,0,0,0,0,0
10/01/2025 17:30,0.92,10.35,12.72,0-2 mi,2.543175558,-0.083381609,2.33698652,0,0,0,0,0
25/01/2025 22:57,1.889,15.96666667,16.89,0-2 mi,2.826721731,0.636047589,2.770503216,0,0,0,0,0
18/01/2025 19:16,1.12,10.3,10.05,0-2 mi,2.307572635,0.113328685,2.332143895,0,0,0,0,0
24/01/2025 02:00,1.23,7.266666667,23.02,0-2 mi,3.136363403,0.207014169,1.983297681,0,0,0,0,0
31/01/2025 19:48,1.827,10.55,14.92,0-2 mi,2.702702595,0.602675277,2.35612586,0,0,0,0,0
04/01/2025 22:15,3.83,11.63333333,15.12,2-5 mi,2.716018371,1.342864803,2.453874541,0,0,0,0,0
30/01/2025 07:31,2.41,11.2,13.78,2-5 mi,2.623218266,0.879626748,2.415913778,0,0,0,0,0
05/01/2025 13:18,2.81,20.1,22.64,2-5 mi,3.119718253,1.033184483,3.000719815,0,0,0,0,0
21/01/2025 23:23,2.542,15.03333333,14.18,2-5 mi,2.651832521,0.932951173,2.710269958,0,0,0,0,0
11/01/2025 15:15,2.34,10.81666667,11.57,2-5 mi,2.448415541,0.850150929,2.381088155,0,0,0,0,0
06/01/2025 18:19,1.2,5.95,8.92,0-2 mi,2.188295947,0.182321557,1.78339122,0,0,0,0,0
16/01/2025 16:54,1.708,12.5,12.76,0-2 mi,2.546315278,0.535323095,2.525728644,0,0,0,0,0
18/01/2025 17:09,4.26,19.3,21.45,2-5 mi,3.065724645,1.44926916,2.960105096,0,0,0,0,0
31/01/2025 15:51,2.21,10.85,13.37,2-5 mi,2.593013391,0.792992516,2.38416508,0,0,0,0,0
10/01/2025 23:02,4.87,26.8,18.1,2-5 mi,2.895911938,1.583093937,3.288401888,0,0,0,0,0
30/01/2025 13:09,2.083,18.1,19.38,2-5 mi,2.964241607,0.733809162,2.895911938,0,0,0,0,0
05/01/2025 01:32,0.84,3.316666667,5.93,0-2 mi,1.780024213,-0.174353387,1.198960263,0,0,0,0,0
11/01/2025 17:58,3.41,34.61666667,30.67,2-5 mi,3.423284978,1.226712291,3.544335262,0,0,0,0,0
09/01/2025 18:44,1.46,11.96666667,10.07,0-2 mi,2.309560707,0.378436436,2.482125007,0,0,0,0,0
09/01/2025 15:15,2.082,11.46666667,12.47,2-5 mi,2.52332576,0.73332897,2.439444276,0,0,0,0,0
17/01/2025 14:05,1.59,7.483333333,10.07,0-2 mi,2.309560707,0.463734016,2.012678326,0,0,0,0,0
01/01/2025 09:13,4.493,20.06666667,23.26,2-5 mi,3.146735147,1.50252063,2.999060064,0,0,0,0,0
29/01/2025 10:09,1.91,14.93333333,13.85,0-2 mi,2.628285233,0.647103242,2.703595851,0,0,0,0,0
17/01/2025 16:01,2.81,21.96666667,32.61,2-5 mi,3.48461899,1.033184483,3.089526153,0,0,0,0,0
21/01/2025 20:45,4.65,14.38333333,17.91,2-5 mi,2.885359216,1.53686722,2.666070129,0,0,0,0,0
16/01/2025 07:51,1.17,9.083333333,4.88,0-2 mi,1.58514522,0.157003749,2.206441232,0,0,0,0,0
15/01/2025 00:51,1.51,7.466666667,7.32,0-2 mi,1.990610328,0.412109651,2.01044867,0,0,0,0,0
11/01/2025 09:54,1.38,6.466666667,6.53,0-2 mi,1.876406943,0.322083499,1.866660777,0,0,0,0,0
21/01/2025 15:52,0.879,12.26666667,9.44,0-2 mi,2.24495598,-0.128970381,2.506885557,0,0,0,0,0
30/01/2025 16:53,1.94,8.416666667,12.04,0-2 mi,2.48823444,0.662687973,2.130213867,0,0,0,0,0
11/01/2025 14:27,1.77,21.1,39.09,0-2 mi,3.66586668,0.570979547,3.049273041,0,0,0,0,0
20/01/2025 15:06,0.46,4.066666667,5.58,0-2 mi,1.719188776,-0.77652879,1.402823663,0,0,0,0,0
19/01/2025 07:50,2.65,14.5,17.76,2-5 mi,2.876948738,0.97455964,2.674148649,0,0,0,0,0
09/01/2025 09:50,1.58,8.066666667,8.54,0-2 mi,2.144761008,0.457424847,2.087740345,0,0,0,0,0
18/01/2025 17:03,4.88,22,20.56,2-5 mi,3.023347441,1.58514522,3.091042453,0,0,0,0,0
21/01/2025 22:42,3.06,18,20.01,2-5 mi,2.996232149,1.118414916,2.890371758,0,0,0,0,0
03/01/2025 18:26,0.782,21.61666667,17.24,0-2 mi,2.847232265,-0.245900538,3.073464622,0,0,0,0,0
29/01/2025 21:30,1.46,8.783333333,12.96,0-2 mi,2.561867691,0.378436436,2.172855986,0,0,0,0,0
12/01/2025 17:30,1.161,8.4,9.96,0-2 mi,2.298577072,0.149281703,2.128231706,0,0,0,0,0
08/01/2025 23:39,1.632,12.33333333,10.44,0-2 mi,2.345644583,0.489806257,2.512305624,0,0,0,0,0
19/01/2025 23:09,4.955,24.35,27.36,2-5 mi,3.309082093,1.600397168,3.19253185,0,0,0,0,0
12/01/2025 00:42,3.59,19.6,11.87,2-5 mi,2.474014209,1.278152203,2.975529566,0,0,0,0,0
20/01/2025 15:18,0.89,7.15,12.87,0-2 mi,2.554899022,-0.116533816,1.967112357,0,0,0,0,0
23/01/2025 19:28,3.47,26.13333333,41.79,2-5 mi,3.732657077,1.244154594,3.263211639,0,0,0,0,0
22/01/2025 05:33,2.502,11.88333333,12.23,2-5 mi,2.50389195,0.917090412,2.475136858,0,0,0,0,0
30/01/2025 16:23,3.89,12.4,15.55,2-5 mi,2.744060639,1.358409158,2.517696473,0,0,0,0,0
30/01/2025 17:48,2.11,11.2,12.42,2-5 mi,2.519308077,0.746687948,2.415913778,0,0,0,0,0
20/01/2025 10:10,2.04,13.15,20.52,2-5 mi,3.02140002,0.712949808,2.576421759,0,0,0,0,0
18/01/2025 16:33,2.26,12.26666667,14.33,2-5 mi,2.662355242,0.815364813,2.506885557,0,0,0,0,0
25/01/2025 19:17,3.93,14.85,16.38,2-5 mi,2.796061078,1.368639426,2.697999865,0,0,0,0,0
27/01/2025 16:23,1.29,9.4,8.47,0-2 mi,2.136530509,0.254642218,2.240709689,0,0,0,0,0
05/01/2025 23:09,4.035,16.11666667,19.34,2-5 mi,2.96217549,1.395006302,2.779853933,0,0,0,0,0
21/01/2025 10:53,2.69,11.85,15.96,2-5 mi,2.770085592,0.989541194,2.472327868,0,0,0,0,0
09/01/2025 19:12,2.17,14.86666667,16.97,2-5 mi,2.831447079,0.774727168,2.69912157,0,0,0,0,0
20/01/2025 16:09,0.83,7,8,0-2 mi,2.079441542,-0.186329578,1.945910149,0,0,0,0,0
09/01/2025 08:42,3.042,18.73333333,21.49,2-5 mi,3.067587711,1.112515194,2.930304468,0,0,0,0,0
22/01/2025 18:41,2.08,13.88333333,15.12,2-5 mi,2.716018371,0.732367894,2.63068908,0,0,0,0,0
09/01/2025 01:57,0.67,3.366666667,8.93,0-2 mi,2.189416395,-0.400477567,1.213923135,0,0,0,0,0
25/01/2025 03:14,2.221,9.6,13.41,2-5 mi,2.596000697,0.797957545,2.261763099,0,0,0,0,0
29/01/2025 21:27,2.25,13.96666667,9.05,2-5 mi,2.202764758,0.810930216,2.636673538,0,0,0,0,0
09/01/2025 18:51,1.099,7.316666667,9.62,0-2 mi,2.263844265,0.094400675,1.990154851,0,0,0,0,0
31/01/2025 15:53,2.328,13.05,15.06,2-5 mi,2.712042222,0.84500953,2.568788134,0,0,0,0,0
22/01/2025 20:05,2.5,12.26666667,8.33,2-5 mi,2.119863456,0.916290732,2.506885557,0,0,0,0,0
06/01/2025 13:52,0.64,8.6,10.24,0-2 mi,2.32630162,-0.446287103,2.151762203,0,0,0,0,0
06/01/2025 08:12,3.25,30.53333333,31.12,2-5 mi,3.437850699,1.178654996,3.418818983,0,0,0,0,0
29/01/2025 19:33,3.5,25.01666667,22.08,2-5 mi,3.094672221,1.252762969,3.219542269,0,0,0,0,0
21/01/2025 19:15,2.37,19.41666667,26.16,2-5 mi,3.264231527,0.862889955,2.966131804,0,0,0,0,0
05/01/2025 01:43,3.117,13.81666667,16.5,2-5 mi,2.803360381,1.136871001,2.625875593,0,0,0,0,0
08/01/2025 19:16,1.54,8.183333333,7.07,0-2 mi,1.95586048,0.431782416,2.102099566,0,0,0,0,0
31/01/2025 20:13,2.32,11.65,14.99,2-5 mi,2.707383312,0.841567186,2.45530618,0,0,0,0,0
02/01/2025 08:27,4.46,30.2,29.6,2-5 mi,3.387774361,1.495148766,3.407841924,0,0,0,0,0
05/01/2025 11:05,3.77,21.2,30.68,2-5 mi,3.423610977,1.327075002,3.054001182,0,0,0,0,0
18/01/2025 14:22,4.48,23.58333333,18.05,2-5 mi,2.893145685,1.499623046,3.160540248,0,0,0,0,0
03/01/2025 09:03,2.307,7.866666667,11.52,2-5 mi,2.444084655,0.835947979,2.062634423,0,0,0,0,0
27/01/2025 17:36,3.349,37.35,22.81,2-5 mi,3.127199036,1.208661794,3.620332912,0,0,0,0,0
06/01/2025 17:07,3.27,24.53333333,16.02,2-5 mi,2.773837942,1.184789985,3.200032737,0,0,0,0,0
21/01/2025 10:57,0.62,3.733333333,8.58,0-2 mi,2.149433914,-0.478035801,1.31730149,0,0,0,0,0
14/01/2025 20:14,2.702,13.2,12.49,2-5 mi,2.524928324,0.99399224,2.58021683,0,0,0,0,0
25/01/2025 19:58,1.13,13.3,16.03,0-2 mi,2.774461967,0.122217633,2.587764035,0,0,0,0,0
22/01/2025 06:56,0.99,5.866666667,8.11,0-2 mi,2.093097868,-0.010050336,1.769286613,0,0,0,0,0
21/01/2025 11:49,4.08,13.03333333,17.88,2-5 mi,2.88368277,1.406096988,2.567510178,0,0,0,0,0
10/01/2025 02:14,3.2,13.53333333,18.15,2-5 mi,2.898670561,1.16315081,2.605155778,0,0,0,0,0
24/01/2025 23:12,2.14,11.15,12.1,2-5 mi,2.493205453,0.760805829,2.411439498,0,0,0,0,0
01/01/2025 06:43,1.1,6.1,11.58,0-2 mi,2.449279472,0.09531018,1.808288771,0,0,0,0,0
13/01/2025 23:10,2.617,14.16666667,11.64,2-5 mi,2.454447442,0.962028624,2.650891787,0,0,0,0,0
09/01/2025 21:33,2.53,14.33333333,15.16,2-5 mi,2.71866038,0.928219303,2.662587827,0,0,0,0,0
09/01/2025 18:14,0.631,6.183333333,9.53,0-2 mi,2.254444718,-0.460449416,1.8218575,0,0,0,0,0
16/01/2025 15:56,0.967,7.35,8.17,0-2 mi,2.100468909,-0.033556784,1.994700313,0,0,0,0,0
17/01/2025 10:46,1.12,7.583333333,22.71,0-2 mi,3.122805356,0.113328685,2.025952857,0,0,0,0,0
11/01/2025 02:20,1.56,6.633333333,18.29,0-2 mi,2.906354462,0.444685821,1.892107443,0,0,0,0,0
07/01/2025 14:15,2.51,12.18333333,16.96,2-5 mi,2.83085763,0.920282753,2.500068898,0,0,0,0,0
30/01/2025 10:30,2.84,15.96666667,18.87,2-5 mi,2.937573359,1.043804052,2.770503216,0,0,0,0,0
08/01/2025 22:23,1.367,7.083333333,11.24,0-2 mi,2.419478845,0.312618558,1.957744607,0,0,0,0,0
29/01/2025 20:04,1.75,13.56666667,43.61,0-2 mi,3.775286482,0.559615788,2.607615804,0,0,0,0,0
13/01/2025 07:18,0.67,5.566666667,8.89,0-2 mi,2.18492705,-0.400477567,1.716796431,0,0,0,0,0
19/01/2025 06:36,4.03,17.3,20.16,2-5 mi,3.003700443,1.393766376,2.850706502,0,0,0,0,0
21/01/2025 08:23,1.75,7.05,9.83,0-2 mi,2.285438934,0.559615788,1.953027617,0,0,0,0,0
14/01/2025 19:19,1.41,7.1,13.62,0-2 mi,2.611539301,0.343589704,1.960094784,0,0,0,0,0
04/01/2025 20:11,1.21,8.9,10.66,0-2 mi,2.366498419,0.19062036,2.186051277,0,0,0,0,0
04/01/2025 01:26,2.14,12.53333333,15.1,2-5 mi,2.714694744,0.760805829,2.528391762,0,0,0,0,0
19/01/2025 15:14,1.74,6.666666667,8.9,0-2 mi,2.186051277,0.553885113,1.897119985,0,0,0,0,0
12/01/2025 02:22,2.19,25.78333333,24.15,2-5 mi,3.18428438,0.783901544,3.249728288,0,0,0,0,0
14/01/2025 16:22,2.956,17.23333333,22.65,2-5 mi,3.120159852,1.083837003,2.846845493,0,0,0,0,0
01/01/2025 16:46,4.89,26.93333333,27.69,2-5 mi,3.321071337,1.587192304,3.293364677,0,0,0,0,0
23/01/2025 22:54,4.916,23.26666667,31.27,2-5 mi,3.442659172,1.592495192,3.147021721,0,0,0,0,0
10/01/2025 19:23,1.51,7.183333333,11.61,0-2 mi,2.451866796,0.412109651,1.971763528,0,0,0,0,0
16/01/2025 08:43,0.63,3.183333333,8.94,0-2 mi,2.190535589,-0.46203546,1.157928866,0,0,0,0,0
14/01/2025 22:50,4.02,11.03333333,10.16,2-5 mi,2.318458442,1.391281903,2.400920994,0,0,0,0,0
23/01/2025 18:44,0.29,2.516666667,4.98,0-2 mi,1.605429891,-1.237874356,0.922935275,0,0,0,0,0
05/01/2025 23:14,4.56,11.55,17.18,2-5 mi,2.843745917,1.517322624,2.446685437,0,0,0,0,0
10/01/2025 16:31,1.66,10.66666667,15.11,0-2 mi,2.715356776,0.506817602,2.367123614,0,0,0,0,0
25/01/2025 23:53,2.29,14.05,30.62,2-5 mi,3.42165339,0.828551818,2.642622396,0,0,0,0,0
05/01/2025 03:14,2.805,15.1,14.33,2-5 mi,2.662355242,1.031403539,2.714694744,0,0,0,0,0
17/01/2025 18:18,1.897,12.11666667,12.54,0-2 mi,2.528923535,0.640273691,2.494581915,0,0,0,0,0
25/01/2025 05:21,2.12,7.666666667,11.46,2-5 mi,2.438862711,0.751416089,2.036881927,0,0,0,0,0
07/01/2025 22:10,4.15,11.58333333,21.67,2-5 mi,3.075928816,1.423108334,2.449567283,0,0,0,0,0
12/01/2025 18:49,1.86,11.78333333,11.52,0-2 mi,2.444084655,0.620576488,2.466686104,0,0,0,0,0
11/01/2025 00:25,3.29,18.1,26.14,2-5 mi,3.263466708,1.190887565,2.895911938,0,0,0,0,0
11/01/2025 23:30,0.46,4.233333333,11.97,0-2 mi,2.48240352,-0.77652879,1.442989705,0,0,0,0,0
05/01/2025 23:16,1.45,5.683333333,10.66,0-2 mi,2.366498419,0.371563556,1.737537915,0,0,0,0,0
10/01/2025 08:49,1.48,18.08333333,18.77,0-2 mi,2.932259851,0.392042088,2.894990704,0,0,0,0,0
07/01/2025 18:45,1.61,12.26666667,11.95,0-2 mi,2.480731278,0.476234179,2.506885557,0,0,0,0,0
19/01/2025 17:12,1.23,7.3,8.03,0-2 mi,2.083184528,0.207014169,1.987874348,0,0,0,0,0
27/01/2025 20:53,1.45,8.133333333,10.56,0-2 mi,2.357073278,0.371563556,2.095970844,0,0,0,0,0
08/01/2025 14:06,2.11,14.01666667,16.67,2-5 mi,2.813610697,0.746687948,2.640247098,0,0,0,0,0
06/01/2025 06:29,4.62,13.31666667,17.89,2-5 mi,2.884241898,1.530394705,2.589016384,0,0,0,0,0
07/01/2025 18:30,3.07,21.56666667,13.68,2-5 mi,2.615934912,1.121677562,3.071148913,0,0,0,0,0
25/01/2025 10:03,2.82,12.63333333,14.49,2-5 mi,2.673458756,1.036736885,2.536338823,0,0,0,0,0
02/01/2025 07:04,2.6,7.85,21.44,2-5 mi,3.065258336,0.955511445,2.060513532,0,0,0,0,0
31/01/2025 07:36,1.59,15.73333333,12.88,0-2 mi,2.555675721,0.463734016,2.755781604,0,0,0,0,0
03/01/2025 19:46,2.92,13.11666667,18.98,2-5 mi,2.943385793,1.071583616,2.573883686,0,0,0,0,0
12/01/2025 16:32,1.251,8.833333333,14.22,0-2 mi,2.654649424,0.223943232,2.178532444,0,0,0,0,0
18/01/2025 11:13,3.91,16.48333333,37.79,2-5 mi,3.632044517,1.363537374,2.802349769,0,0,0,0,0
03/01/2025 15:24,0.93,7.933333333,8.91,0-2 mi,2.187174242,-0.072570693,2.071073292,0,0,0,0,0
04/01/2025 09:27,2.072,13.23333333,14.08,2-5 mi,2.644755351,0.728514324,2.582738899,0,0,0,0,0
30/01/2025 23:17,4.38,9.016666667,16.02,2-5 mi,2.773837942,1.477048724,2.199074717,0,0,0,0,0
23/01/2025 18:17,2.09,11.33333333,14.07,2-5 mi,2.644044871,0.737164066,2.427748236,0,0,0,0,0
14/01/2025 12:10,3.13,25.68333333,16.13,2-5 mi,2.780680892,1.141033005,3.245842273,0,0,0,0,0
24/01/2025 21:56,1.31,8.116666667,7,0-2 mi,1.945910149,0.270027137,2.093919561,0,0,0,0,0
06/01/2025 22:09,1.03,7.333333333,8.93,0-2 mi,2.189416395,0.029558802,1.992430165,0,0,0,0,0
09/01/2025 17:22,1.26,16.25,22.55,0-2 mi,3.115735066,0.231111721,2.788092909,0,0,0,0,0
26/01/2025 19:12,2.64,13.36666667,14.04,2-5 mi,2.641910399,0.970778917,2.592764046,0,0,0,0,0
10/01/2025 22:57,1.4,5.866666667,8.17,0-2 mi,2.100468909,0.336472237,1.769286613,0,0,0,0,0
13/01/2025 17:13,1.89,9.5,10.42,0-2 mi,2.343727036,0.636576829,2.251291799,0,0,0,0,0
11/01/2025 20:53,3.64,16.66666667,17,2-5 mi,2.833213344,1.291983682,2.813410717,0,0,0,0,0
05/01/2025 17:04,1.35,20.61666667,19.94,0-2 mi,2.992727765,0.300104593,3.02609981,0,0,0,0,0
27/01/2025 22:24,1.873,9.2,9.96,0-2 mi,2.298577072,0.627541424,2.219203484,0,0,0,0,0
13/01/2025 14:16,3.25,21.31666667,33.33,2-5 mi,3.506457892,1.178654996,3.059489239,0,0,0,0,0
26/01/2025 09:37,4.74,19.51666667,20.1,2-5 mi,3.000719815,1.556037136,2.971268801,0,0,0,0,0
13/01/2025 23:46,0.8,5.666666667,7.43,0-2 mi,2.005525859,-0.223143551,1.734601055,0,0,0,0,0
04/01/2025 23:40,1.07,4.866666667,8.6,0-2 mi,2.151762203,0.067658649,1.58240924,0,0,0,0,0
13/01/2025 17:22,1.27,7.85,10.94,0-2 mi,2.392425797,0.239016901,2.060513532,0,0,0,0,0
21/01/2025 12:29,1.77,6.983333333,10.76,0-2 mi,2.375835555,0.570979547,1.943526358,0,0,0,0,0
29/01/2025 15:36,0.47,4.683333333,10.03,0-2 mi,2.305580602,-0.755022584,1.544010107,0,0,0,0,0
02/01/2025 17:12,2.73,25.33333333,15.62,2-5 mi,2.748552144,1.004301609,3.232121052,0,0,0,0,0
17/01/2025 08:47,4.95,11.48333333,28.11,2-5 mi,3.336125385,1.599387577,2.440896709,0,0,0,0,0
30/01/2025 09:24,0.61,3.733333333,8.49,0-2 mi,2.138889,-0.494296322,1.31730149,0,0,0,0,0
08/01/2025 19:15,2.45,14.28333333,15.33,2-5 mi,2.729811693,0.896088025,2.659093356,0,0,0,0,0
24/01/2025 10:05,1.98,15.13333333,16.9,0-2 mi,2.827313622,0.683096845,2.716899816,0,0,0,0,0
30/01/2025 09:05,3.22,23.06666667,34.87,2-5 mi,3.551626861,1.16938136,3.138388574,0,0,0,0,0
28/01/2025 19:43,4.09,16.26666667,12.3,2-5 mi,2.509599262,1.40854497,2.789118024,0,0,0,0,0
10/01/2025 13:25,3.219,24.08333333,22.05,2-5 mi,3.093312602,1.169070752,3.181520038,0,0,0,0,0
14/01/2025 07:39,0.66,5.716666667,8.9,0-2 mi,2.186051277,-0.415515444,1.743385885,0,0,0,0,0
21/01/2025 13:20,2.468,24,22.19,2-5 mi,3.099641737,0.903408106,3.17805383,0,0,0,0,0
24/01/2025 17:21,1.43,11,15.11,0-2 mi,2.715356776,0.357674444,2.397895273,0,0,0,0,0
17/01/2025 17:29,3.17,14.9,18.21,2-5 mi,2.901970894,1.153731588,2.701361213,0,0,0,0,0
31/01/2025 06:50,1.72,9,13.79,0-2 mi,2.623943692,0.542324291,2.197224577,0,0,0,0,0
07/01/2025 18:57,0.92,5.683333333,10.08,0-2 mi,2.310553263,-0.083381609,1.737537915,0,0,0,0,0
21/01/2025 18:58,0.61,5.85,9.37,0-2 mi,2.237513096,-0.494296322,1.766441661,0,0,0,0,0
10/01/2025 19:11,0.854,8.233333333,13.1,0-2 mi,2.57261223,-0.157824085,2.108190955,0,0,0,0,0
31/01/2025 18:14,1.01,4.616666667,7.34,0-2 mi,1.993338843,0.009950331,1.529672944,0,0,0,0,0
29/01/2025 17:21,1.17,6.066666667,8.75,0-2 mi,2.1690537,0.157003749,1.802809305,0,0,0,0,0
23/01/2025 14:22,4.1,27.95,20.61,2-5 mi,3.025776395,1.410986974,3.3304172,0,0,0,0,0
23/01/2025 09:42,1.14,6.116666667,11.77,0-2 mi,2.465553921,0.131028262,1.811017286,0,0,0,0,0
10/01/2025 15:40,0.44,2.883333333,8.57,0-2 mi,2.148267733,-0.820980552,1.058947032,0,0,0,0,0
24/01/2025 21:28,1.2,11.61666667,14.17,0-2 mi,2.651127054,0.182321557,2.452440849,0,0,0,0,0
27/01/2025 19:37,4.49,25.15,22.03,2-5 mi,3.092405161,1.501852702,3.224857897,0,0,0,0,0
18/01/2025 09:37,1.939,8.85,11.78,0-2 mi,2.466403178,0.662172376,2.180417459,0,0,0,0,0
15/01/2025 08:56,1.7,5.4,7.28,0-2 mi,1.985130862,0.530628251,1.686398954,0,0,0,0,0
28/01/2025 06:40,1,5.45,13.4,0-2 mi,2.595254707,0,1.695615609,0,0,0,0,0
11/01/2025 12:27,4.86,16.18333333,16.62,2-5 mi,2.810606789,1.581038438,2.783981906,0,0,0,0,0
08/01/2025 16:31,1.26,17.36666667,14.65,0-2 mi,2.684440336,0.231111721,2.85455266,0,0,0,0,0
22/01/2025 19:08,1.1,6.616666667,8.94,0-2 mi,2.190535589,0.09531018,1.889591719,0,0,0,0,0
17/01/2025 08:20,1.8,13.41666667,14.27,0-2 mi,2.658159432,0.587786665,2.596497715,0,0,0,0,0
08/01/2025 15:01,2.38,14.48333333,14.87,2-5 mi,2.699345761,0.867100488,2.672998563,0,0,0,0,0
12/01/2025 00:33,1.843,10.35,13.38,0-2 mi,2.593761055,0.611394679,2.33698652,0,0,0,0,0
03/01/2025 13:01,4.55,13.86666667,20.53,2-5 mi,3.021887231,1.515127233,2.629487879,0,0,0,0,0
05/01/2025 00:29,2.2,13.51666667,18.16,2-5 mi,2.899221373,0.78845736,2.603923492,0,0,0,0,0
31/01/2025 13:35,2.7,18.1,19.86,2-5 mi,2.988707659,0.993251773,2.895911938,0,0,0,0,0
23/01/2025 00:02,1.67,8.766666667,10.07,0-2 mi,2.309560707,0.512823626,2.170956651,0,0,0,0,0
16/01/2025 06:52,1.122,5.4,10.62,0-2 mi,2.362739016,0.115112807,1.686398954,0,0,0,0,0
07/01/2025 08:35,0.485,3.9,6.78,0-2 mi,1.913977102,-0.723606388,1.360976553,0,0,0,0,0
18/01/2025 18:47,3.8,13.35,16.05,2-5 mi,2.77570885,1.335001067,2.591516385,0,0,0,0,0
03/01/2025 18:37,2.321,15.38333333,15.39,2-5 mi,2.733717948,0.841998127,2.733284672,0,0,0,0,0
18/01/2025 14:30,2.22,9.933333333,11.6,2-5 mi,2.451005098,0.797507196,2.295896105,0,0,0,0,0
17/01/2025 04:05,2.57,11.53333333,15.17,2-5 mi,2.719319793,0.943905899,2.445241393,0,0,0,0,0
29/01/2025 14:37,2.29,17.28333333,20.92,2-5 mi,3.040705639,0.828551818,2.849742646,0,0,0,0,0
09/01/2025 08:50,1.96,6.216666667,15.22,0-2 mi,2.722610352,0.672944473,1.827233857,0,0,0,0,0
17/01/2025 18:11,2.163,13.05,18.01,2-5 mi,2.890927159,0.771496147,2.568788134,0,0,0,0,0
22/01/2025 19:21,4.59,12.65,24.85,2-5 mi,3.212857753,1.523880024,2.537657215,0,0,0,0,0
31/01/2025 14:31,0.64,3.65,7.39,0-2 mi,2.000127735,-0.446287103,1.294727168,0,0,0,0,0
10/01/2025 18:41,1.376,6.916666667,10.66,0-2 mi,2.366498419,0.31918074,1.933933958,0,0,0,0,0
11/01/2025 23:56,2.3,13.35,29.47,2-5 mi,3.383372797,0.832909123,2.591516385,0,0,0,0,0
29/01/2025 13:07,2.97,11.11666667,14.72,2-5 mi,2.689207113,1.088561953,2.408445484,0,0,0,0,0
27/01/2025 17:36,3.91,16.73333333,17.69,2-5 mi,2.872999508,1.363537374,2.817402738,0,0,0,0,0
14/01/2025 06:18,2.19,9.666666667,9.53,2-5 mi,2.254444718,0.783901544,2.268683541,0,0,0,0,0
27/01/2025 21:23,2.87,10.26666667,13.96,2-5 mi,2.636196097,1.05431203,2.328902401,0,0,0,0,0
16/01/2025 15:00,4.31,11.81666667,20.76,2-5 mi,3.033028058,1.460937904,2.469510964,0,0,0,0,0
16/01/2025 16:46,2.54,15.15,15.12,2-5 mi,2.716018371,0.932164081,2.718000532,0,0,0,0,0
17/01/2025 07:20,0.76,3.15,9.82,0-2 mi,2.284421122,-0.274436846,1.147402453,0,0,0,0,0
09/01/2025 08:16,0.874,7.466666667,8.67,0-2 mi,2.159868791,-0.134674903,2.01044867,0,0,0,0,0
25/01/2025 16:57,3.91,24.21666667,27.28,2-5 mi,3.306153833,1.363537374,3.187041101,0,0,0,0,0
17/01/2025 17:37,2.88,26.76666667,22.49,2-5 mi,3.113070766,1.057790294,3.287157332,0,0,0,0,0
20/01/2025 19:49,3.225,11.33333333,21.26,2-5 mi,3.056827373,1.17093295,2.427748236,0,0,0,0,0
28/01/2025 08:35,1.24,5.033333333,8.36,0-2 mi,2.123458427,0.21511138,1.616082455,0,0,0,0,0
17/01/2025 15:57,2.36,17.05,16.67,2-5 mi,2.813610697,0.858661619,2.836150204,0,0,0,0,0
10/01/2025 21:02,2.33,18.65,30.45,2-5 mi,3.416085994,0.845868268,2.925846146,0,0,0,0,0
10/01/2025 18:02,0.74,7.433333333,9.18,0-2 mi,2.217027205,-0.301105093,2.00597439,0,0,0,0,0
26/01/2025 12:00,2.08,8.75,11.41,2-5 mi,2.434490164,0.732367894,2.1690537,0,0,0,0,0
24/01/2025 00:52,1.64,11.11666667,22.73,0-2 mi,3.123685638,0.494696242,2.408445484,0,0,0,0,0
20/01/2025 09:14,1.18,7.866666667,8.57,0-2 mi,2.148267733,0.165514439,2.062634423,0,0,0,0,0
31/01/2025 20:36,1.02,10.63333333,11.76,0-2 mi,2.464703943,0.019802627,2.363993721,0,0,0,0,0
12/01/2025 00:30,2.98,18.91666667,17.56,2-5 mi,2.865623588,1.091923301,2.940043368,0,0,0,0,0
10/01/2025 17:35,1.27,6.916666667,8.91,0-2 mi,2.187174242,0.239016901,1.933933958,0,0,0,0,0
02/01/2025 08:08,0.99,5.916666667,8.59,0-2 mi,2.150598736,-0.010050336,1.777773227,0,0,0,0,0
10/01/2025 12:15,1.19,7.8,11.35,0-2 mi,2.429217744,0.173953307,2.054123734,0,0,0,0,0
07/01/2025 06:05,0.77,6.35,7.24,0-2 mi,1.979621206,-0.261364764,1.848454813,0,0,0,0,0
04/01/2025 05:44,2.31,15.91666667,15.17,2-5 mi,2.719319793,0.837247525,2.767366778,0,0,0,0,0
15/01/2025 21:35,3.945,14.78333333,18.72,2-5 mi,2.929592471,1.372448954,2.69350042,0,0,0,0,0
01/01/2025 23:35,1.46,9.7,10.51,0-2 mi,2.352327185,0.378436436,2.272125886,0,0,0,0,0
24/01/2025 02:17,1.66,8.1,12.72,0-2 mi,2.543175558,0.506817602,2.091864062,0,0,0,0,0
15/01/2025 23:35,0.67,4.7,10.98,0-2 mi,2.396075436,-0.400477567,1.547562509,0,0,0,0,0
27/01/2025 10:08,0.99,11.23333333,10.61,0-2 mi,2.361796953,-0.010050336,2.418885549,0,0,0,0,0
11/01/2025 13:20,0.816,8.45,9.92,0-2 mi,2.294552921,-0.203340924,2.134166441,0,0,0,0,0
19/01/2025 09:57,3.905,22.45,20.71,2-5 mi,3.030616675,1.362257783,3.111290614,0,0,0,0,0
01/01/2025 00:35,1.22,6.316666667,8.95,0-2 mi,2.191653532,0.198850859,1.843191643,0,0,0,0,0
17/01/2025 17:48,2.04,20.5,21.72,2-5 mi,3.078233495,0.712949808,3.020424886,0,0,0,0,0
21/01/2025 08:18,3.47,15.66666667,15.96,2-5 mi,2.770085592,1.244154594,2.751535313,0,0,0,0,0
24/01/2025 19:27,2.562,16.88333333,18.58,2-5 mi,2.922085733,0.940788204,2.826326942,0,0,0,0,0
02/01/2025 14:44,1.65,11.6,10.94,0-2 mi,2.392425797,0.500775288,2.451005098,0,0,0,0,0
08/01/2025 17:25,1.42,10.6,9.7,0-2 mi,2.272125886,0.350656872,2.360854001,0,0,0,0,0
15/01/2025 01:10,3.94,15.65,18.22,2-5 mi,2.902519892,1.371180723,2.750470917,0,0,0,0,0
20/01/2025 08:32,3.8,18.33333333,19.03,2-5 mi,2.946016681,1.335001067,2.908720897,0,0,0,0,0
03/01/2025 15:54,2.39,12.95,18.76,2-5 mi,2.931726944,0.871293366,2.561095788,0,0,0,0,0
04/01/2025 14:25,1.33,21.28333333,29.78,0-2 mi,3.393837027,0.285178942,3.057924294,0,0,0,0,0
15/01/2025 11:08,1.15,5.95,8.93,0-2 mi,2.189416395,0.139761942,1.78339122,0,0,0,0,0
02/01/2025 16:54,3.57,15.16666667,18.54,2-5 mi,2.91993056,1.272565596,2.719100037,0,0,0,0,0
26/01/2025 22:02,2.29,16.98333333,12.24,2-5 mi,2.504709277,0.828551818,2.832232471,0,0,0,0,0
10/01/2025 08:49,0.98,5.15,8.91,0-2 mi,2.187174242,-0.020202707,1.638996715,0,0,0,0,0
06/01/2025 17:46,0.52,2.933333333,8.91,0-2 mi,2.187174242,-0.653926467,1.076139433,0,0,0,0,0
22/01/2025 09:17,0.56,4.05,10.52,0-2 mi,2.353278207,-0.579818495,1.398716881,0,0,0,0,0
22/01/2025 14:08,1.73,11.21666667,13.61,0-2 mi,2.610804817,0.548121409,2.417400767,0,0,0,0,0
17/01/2025 00:43,3.61,22.28333333,9.55,2-5 mi,2.256541155,1.283707772,3.103839015,0,0,0,0,0
21/01/2025 20:20,0.87,6.116666667,6.52,0-2 mi,1.874874376,-0.139262067,1.811017286,0,0,0,0,0
19/01/2025 15:55,1.23,7.4,7.57,0-2 mi,2.024193067,0.207014169,2.00148,0,0,0,0,0
02/01/2025 09:16,1.47,11.13333333,16.25,0-2 mi,2.788092909,0.385262401,2.409943611,0,0,0,0,0
29/01/2025 00:01,1.77,8.166666667,14.33,0-2 mi,2.662355242,0.570979547,2.100060829,0,0,0,0,0
27/01/2025 17:28,1.09,5.133333333,9.38,0-2 mi,2.238579763,0.086177696,1.635755221,0,0,0,0,0
30/01/2025 18:23,2.297,10.05,14.19,2-5 mi,2.652537491,0.831603924,2.307572635,0,0,0,0,0
01/01/2025 01:06,1.72,7.116666667,18.77,0-2 mi,2.932259851,0.542324291,1.962439451,0,0,0,0,0
20/01/2025 19:53,1.28,4.183333333,6.75,0-2 mi,1.909542505,0.246860078,1.431108377,0,0,0,0,0
11/01/2025 11:49,3.168,13.31666667,15.86,2-5 mi,2.763800216,1.153100474,2.589016384,0,0,0,0,0
13/01/2025 16:08,0.96,5.683333333,18.17,0-2 mi,2.899771882,-0.040821995,1.737537915,0,0,0,0,0
05/01/2025 13:34,2.47,12.93333333,14.26,2-5 mi,2.657458415,0.904218151,2.559807958,0,0,0,0,0
08/01/2025 15:23,1.414,10.21666667,14.1,0-2 mi,2.646174797,0.346422568,2.324020374,0,0,0,0,0
10/01/2025 04:31,1.21,4.633333333,8.95,0-2 mi,2.191653532,0.19062036,1.533276552,0,0,0,0,0
03/01/2025 21:00,1.67,16.53333333,19.92,0-2 mi,2.991724252,0.512823626,2.805378545,0,0,0,0,0
27/01/2025 18:42,4.46,17.5,26.88,2-5 mi,3.291382516,1.495148766,2.862200881,0,0,0,0,0
30/01/2025 06:30,1.294,8.75,12.68,0-2 mi,2.540025949,0.257738196,2.1690537,0,0,0,0,0
14/01/2025 08:28,1.61,12.88333333,14.18,0-2 mi,2.651832521,0.476234179,2.555934486,0,0,0,0,0
22/01/2025 14:02,2.711,14.05,16.3,2-5 mi,2.791165108,0.997317571,2.642622396,0,0,0,0,0
11/01/2025 11:11,2.87,20.51666667,31.56,2-5 mi,3.451890496,1.05431203,3.021237564,0,0,0,0,0
21/01/2025 10:26,0.88,8.85,8.91,0-2 mi,2.187174242,-0.127833372,2.180417459,0,0,0,0,0
29/01/2025 14:06,2.28,12.71666667,12.34,2-5 mi,2.512846019,0.824175443,2.542913469,0,0,0,0,0
13/01/2025 21:25,3.97,13.3,19.65,2-5 mi,2.978077338,1.378766095,2.587764035,0,0,0,0,0
24/01/2025 16:42,1.98,14.55,14.01,0-2 mi,2.63977136,0.683096845,2.677590994,0,0,0,0,0
09/01/2025 00:26,2.067,11.75,14.97,2-5 mi,2.706048198,0.726098281,2.463853241,0,0,0,0,0
19/01/2025 01:22,4.28,20.83333333,30.08,2-5 mi,3.403860499,1.45395301,3.036554268,0,0,0,0,0
19/01/2025 17:37,0.59,7.116666667,19.55,0-2 mi,2.972975286,-0.527632742,1.962439451,0,0,0,0,0
02/01/2025 18:40,2.09,15.06666667,12.67,2-5 mi,2.539236994,0.737164066,2.712484798,0,0,0,0,0
03/01/2025 23:00,2.27,14.26666667,19.28,2-5 mi,2.959068289,0.819779832,2.657925814,0,0,0,0,0
20/01/2025 10:19,1.01,7.383333333,9.76,0-2 mi,2.2782924,0.009950331,1.999225208,0,0,0,0,0
17/01/2025 08:38,3.57,18.5,24.48,2-5 mi,3.197856458,1.272565596,2.917770732,0,0,0,0,0
24/01/2025 20:37,2.03,15.7,19.44,2-5 mi,2.967332799,0.708035793,2.753660712,0,0,0,0,0
14/01/2025 15:53,2.58,14.96666667,16.11,2-5 mi,2.779440197,0.947789399,2.705825506,0,0,0,0,0
09/01/2025 12:35,2.05,14.45,41.61,2-5 mi,3.728340523,0.717839793,2.670694415,0,0,0,0,0
25/01/2025 00:45,2.14,10.33333333,13.03,2-5 mi,2.567254391,0.760805829,2.335374916,0,0,0,0,0
29/01/2025 14:47,0.601,9.1,7.97,0-2 mi,2.075684493,-0.509160344,2.208274414,0,0,0,0,0
24/01/2025 22:45,1.261,11.25,10.77,0-2 mi,2.376764491,0.231905057,2.420368129,0,0,0,0,0
19/01/2025 02:50,0.588,6.816666667,10.54,0-2 mi,2.355177543,-0.531028331,1.919370594,0,0,0,0,0
08/01/2025 16:25,0.66,6.133333333,8.55,0-2 mi,2.145931283,-0.415515444,1.813738376,0,0,0,0,0
05/01/2025 12:53,0.7,8,14,0-2 mi,2.63905733,-0.356674944,2.079441542,0,0,0,0,0
10/01/2025 02:27,2.43,10.31666667,18.09,2-5 mi,2.895359299,0.887891257,2.333760711,0,0,0,0,0
31/01/2025 20:39,4.9,18.33333333,16.63,2-5 mi,2.811208293,1.589235205,2.908720897,0,0,0,0,0
10/01/2025 18:34,2.499,22.65,21.27,2-5 mi,3.057297629,0.915890652,3.120159852,0,0,0,0,0
30/01/2025 19:35,3.94,18.5,12.9,2-5 mi,2.557227311,1.371180723,2.917770732,0,0,0,0,0
11/01/2025 20:08,0.77,4.783333333,7.86,0-2 mi,2.061786606,-0.261364764,1.565137654,0,0,0,0,0
26/01/2025 19:16,3.12,12.78333333,15.17,2-5 mi,2.719319793,1.137833002,2.548142239,0,0,0,0,0
06/01/2025 07:28,4.25,25.48333333,24.14,2-5 mi,3.183870216,1.446918983,3.238024644,0,0,0,0,0
04/01/2025 23:34,4.1,14.11666667,21.7,2-5 mi,3.077312261,1.410986974,2.647356132,0,0,0,0,0
21/01/2025 09:21,1.107,6.133333333,9.85,0-2 mi,2.287471455,0.101653654,1.813738376,0,0,0,0,0
24/01/2025 12:47,3.5,15,16.1,2-5 mi,2.778819272,1.252762969,2.708050201,0,0,0,0,0
21/01/2025 12:46,0.85,12.73333333,8.92,0-2 mi,2.188295947,-0.16251893,2.544223227,0,0,0,0,0
22/01/2025 14:30,0.263,4.316666667,7.07,0-2 mi,1.95586048,-1.335601247,1.4624835,0,0,0,0,0
15/01/2025 23:12,1.86,10.91666667,10.74,0-2 mi,2.373975089,0.620576488,2.390290673,0,0,0,0,0
08/01/2025 05:56,1.98,8.95,12.46,0-2 mi,2.522523513,0.683096845,2.191653532,0,0,0,0,0
05/01/2025 08:21,0.377,3.95,9.12,0-2 mi,2.210469804,-0.975510092,1.373715579,0,0,0,0,0
31/01/2025 06:20,0.58,2.7,10.02,0-2 mi,2.304583096,-0.544727175,0.993251773,0,0,0,0,0
25/01/2025 12:25,3.41,17.18333333,22.34,2-5 mi,3.106378794,1.226712291,2.843939922,0,0,0,0,0
24/01/2025 18:12,2.04,12.73333333,14.19,2-5 mi,2.652537491,0.712949808,2.544223227,0,0,0,0,0
25/01/2025 17:11,1.01,6.766666667,10.96,0-2 mi,2.394252282,0.009950331,1.912008597,0,0,0,0,0
22/01/2025 13:27,3.43,18.11666667,19.51,2-5 mi,2.970927155,1.232560261,2.896832325,0,0,0,0,0
14/01/2025 07:08,4.36,20.03333333,20.78,2-5 mi,3.033990986,1.472472057,2.997397553,0,0,0,0,0
23/01/2025 11:48,3.48,17.21666667,34.5,2-5 mi,3.540959324,1.247032294,2.845877907,0,0,0,0,0
07/01/2025 17:11,1.46,15.66666667,37.98,0-2 mi,3.637059705,0.378436436,2.751535313,0,0,0,0,0
29/01/2025 13:00,2.93,21.18333333,49.23,2-5 mi,3.896503194,1.075002423,3.053214709,0,0,0,0,0
11/01/2025 19:23,1.468,8.016666667,11.61,0-2 mi,2.451866796,0.38390093,2.081522708,0,0,0,0,0
14/01/2025 00:01,4.33,23.58333333,51.16,2-5 mi,3.934957977,1.465567542,3.160540248,0,0,0,0,0
19/01/2025 11:09,1.33,6.816666667,9.97,0-2 mi,2.299580584,0.285178942,1.919370594,0,0,0,0,0
22/01/2025 09:28,2.283,13.9,14.46,2-5 mi,2.671386217,0.825490368,2.63188884,0,0,0,0,0
18/01/2025 12:35,1.152,6.116666667,7.79,0-2 mi,2.05284086,0.141499562,1.811017286,0,0,0,0,0
10/01/2025 16:51,1.264,8.1,8.18,0-2 mi,2.101692151,0.234281296,2.091864062,0,0,0,0,0
30/01/2025 21:38,3.391,14.46666667,19.58,2-5 mi,2.974508637,1.221124863,2.671847152,0,0,0,0,0
07/01/2025 07:18,1.79,7.366666667,13.46,0-2 mi,2.599722324,0.58221562,1.99696532,0,0,0,0,0
15/01/2025 10:34,4.01,16.41666667,25.11,2-5 mi,3.223266173,1.388791241,2.798297079,0,0,0,0,0
10/01/2025 00:29,1.62,8.683333333,17.99,0-2 mi,2.889816048,0.482426149,2.16140548,0,0,0,0,0
25/01/2025 09:08,1.96,12.63333333,13.4,0-2 mi,2.595254707,0.672944473,2.536338823,0,0,0,0,0
24/01/2025 17:14,1.01,4.616666667,9.21,0-2 mi,2.22028985,0.009950331,1.529672944,0,0,0,0,0
07/01/2025 13:33,2.09,13.71666667,16.93,2-5 mi,2.829087196,0.737164066,2.618611639,0,0,0,0,0
19/01/2025 22:27,3.815,12.66666667,21.45,2-5 mi,3.065724645,1.338940665,2.538973871,0,0,0,0,0
05/01/2025 12:00,4.335,17.51666667,25.58,2-5 mi,3.241810796,1.46672161,2.863152809,0,0,0,0,0
17/01/2025 12:00,0.58,3.666666667,9.56,0-2 mi,2.257587727,-0.544727175,1.299282984,0,0,0,0,0
16/01/2025 16:55,4.71,28.45,30.1,2-5 mi,3.404525172,1.549687908,3.348148161,0,0,0,0,0
03/01/2025 17:21,3.37,25.46666667,14.95,2-5 mi,2.7047113,1.214912744,3.237370408,0,0,0,0,0
22/01/2025 02:19,2.06,10.81666667,7.42,2-5 mi,2.004179057,0.722705983,2.381088155,0,0,0,0,0
11/01/2025 23:17,1.06,8.25,11.53,0-2 mi,2.444952334,0.058268908,2.1102132,0,0,0,0,0
01/01/2025 04:57,1.78,6.75,13.61,0-2 mi,2.610804817,0.576613364,1.909542505,0,0,0,0,0
08/01/2025 19:12,4.09,20.08333333,23.04,2-5 mi,3.137231836,1.40854497,2.999890284,0,0,0,0,0
23/01/2025 06:53,0.84,5.866666667,8.92,0-2 mi,2.188295947,-0.174353387,1.769286613,0,0,0,0,0
22/01/2025 20:19,1.163,6.783333333,13.13,0-2 mi,2.574899688,0.151002874,1.914468623,0,0,0,0,0
27/01/2025 18:17,0.82,5.15,7.39,0-2 mi,2.000127735,-0.198450939,1.638996715,0,0,0,0,0
19/01/2025 11:29,0.87,8.216666667,10.05,0-2 mi,2.307572635,-0.139262067,2.106164612,0,0,0,0,0
25/01/2025 19:37,1.44,8.116666667,17.06,0-2 mi,2.836736542,0.364643114,2.093919561,0,0,0,0,0
24/01/2025 12:35,4.22,19.38333333,21.3,2-5 mi,3.058707073,1.439835128,2.96441359,0,0,0,0,0
20/01/2025 14:46,1.26,9.866666667,15.61,0-2 mi,2.747911735,0.231111721,2.289162073,0,0,0,0,0
18/01/2025 15:20,1.94,10.53333333,13.42,0-2 mi,2.596746132,0.662687973,2.354544832,0,0,0,0,0
16/01/2025 19:38,1.33,9.65,15.41,0-2 mi,2.735016649,0.285178942,2.266957915,0,0,0,0,0
26/01/2025 09:14,0.9,5.433333333,9.47,0-2 mi,2.248128907,-0.105360516,1.692552819,0,0,0,0,0
12/01/2025 18:17,2.399,15.23333333,19.72,2-5 mi,2.981633349,0.875051984,2.723486009,0,0,0,0,0
07/01/2025 07:53,4.82,29.85,29.38,2-5 mi,3.380314171,1.572773928,3.39618484,0,0,0,0,0
02/01/2025 01:38,4.063,12.7,16.81,2-5 mi,2.821973947,1.401921617,2.541601994,0,0,0,0,0
14/01/2025 16:05,2.65,15.03333333,26.36,2-5 mi,3.27184771,0.97455964,2.710269958,0,0,0,0,0
17/01/2025 17:02,1.787,9.2,12.26,0-2 mi,2.506341931,0.580538236,2.219203484,0,0,0,0,0
01/01/2025 00:40,4.59,17.06666667,31.31,2-5 mi,3.443937535,1.523880024,2.837127243,0,0,0,0,0
03/01/2025 23:12,0.836,4.9,7.3,0-2 mi,1.987874348,-0.179126666,1.589235205,0,0,0,0,0
04/01/2025 08:16,3.35,16.53333333,20.54,2-5 mi,3.022374205,1.208960346,2.805378545,0,0,0,0,0
31/01/2025 08:26,2.04,12.7,14.37,2-5 mi,2.6651427,0.712949808,2.541601994,0,0,0,0,0
02/01/2025 15:08,2.9,16.76666667,17.12,2-5 mi,2.840247371,1.064710737,2.819392788,0,0,0,0,0
02/01/2025 22:30,3.276,15.76666667,17.96,2-5 mi,2.888147063,1.186623166,2.757898007,0,0,0,0,0
23/01/2025 22:27,0.633,3.783333333,8.73,0-2 mi,2.16676537,-0.457284857,1.330605455,0,0,0,0,0
08/01/2025 07:43,2.373,15.13333333,15.22,2-5 mi,2.722610352,0.864154978,2.716899816,0,0,0,0,0
12/01/2025 21:19,4.067,18.98333333,21.44,2-5 mi,3.065258336,1.402905627,2.943561401,0,0,0,0,0
11/01/2025 06:50,1.55,8.5,10.4,0-2 mi,2.341805806,0.438254931,2.140066164,0,0,0,0,0
23/01/2025 09:44,1.64,10.66666667,18.71,0-2 mi,2.92905814,0.494696242,2.367123614,0,0,0,0,0
26/01/2025 08:49,2.51,13.35,18.59,2-5 mi,2.922623802,0.920282753,2.591516385,0,0,0,0,0
22/01/2025 19:17,2.628,18.18333333,19.5,2-5 mi,2.970414466,0.966223101,2.900505424,0,0,0,0,0
10/01/2025 15:30,0.85,10.41666667,11.61,0-2 mi,2.451866796,-0.16251893,2.343407088,0,0,0,0,0
29/01/2025 09:32,1.59,14.98333333,22.85,0-2 mi,3.128951117,0.463734016,2.706938472,0,0,0,0,0
11/01/2025 08:03,2.57,10.2,9.19,2-5 mi,2.218115936,0.943905899,2.32238772,0,0,0,0,0
21/01/2025 14:25,0.876,4.833333333,21.3,0-2 mi,3.058707073,-0.132389188,1.575536361,0,0,0,0,0
11/01/2025 17:55,1.86,15.01666667,15.83,0-2 mi,2.761906874,0.620576488,2.709160695,0,0,0,0,0
13/01/2025 05:52,0.93,3.816666667,8.94,0-2 mi,2.190535589,-0.072570693,1.339377441,0,0,0,0,0
08/01/2025 15:40,2.574,22.93333333,15.17,2-5 mi,2.719319793,0.945461109,3.132591456,0,0,0,0,0
15/01/2025 10:18,0.963,14.43333333,13.36,0-2 mi,2.592265168,-0.037701867,2.669540346,0,0,0,0,0
07/01/2025 08:49,1.92,18.73333333,17.82,0-2 mi,2.880321422,0.652325186,2.930304468,0,0,0,0,0
18/01/2025 19:43,4.43,18.48333333,22.23,2-5 mi,3.101442728,1.488399584,2.916869425,0,0,0,0,0
05/01/2025 17:34,1.899,12.65,14.89,0-2 mi,2.700689847,0.641327432,2.537657215,0,0,0,0,0
01/01/2025 00:05,4.36,12.25,17.36,2-5 mi,2.854168709,1.472472057,2.505525937,0,0,0,0,0
25/01/2025 08:49,2.53,8.383333333,15.65,2-5 mi,2.750470917,0.928219303,2.126245608,0,0,0,0,0
15/01/2025 17:09,2.53,17.91666667,21.26,2-5 mi,3.056827373,0.928219303,2.885731378,0,0,0,0,0
12/01/2025 11:18,0.68,3.3,7.99,0-2 mi,2.07819076,-0.385662481,1.193922469,0,0,0,0,0
03/01/2025 12:11,0.9,4.616666667,7.87,0-2 mi,2.063058062,-0.105360516,1.529672944,0,0,0,0,0
07/01/2025 13:45,0.9,9.733333333,9.79,0-2 mi,2.281361457,-0.105360516,2.275556421,0,0,0,0,0
10/01/2025 09:55,2.031,7.966666667,12.36,2-5 mi,2.514465452,0.708528283,2.07526617,0,0,0,0,0
02/01/2025 01:24,0.55,6.4,9.79,0-2 mi,2.281361457,-0.597837001,1.85629799,0,0,0,0,0
31/01/2025 21:23,1.21,9.416666667,11.51,0-2 mi,2.443216223,0.19062036,2.242481169,0,0,0,0,0
23/01/2025 07:13,2.138,15.2,18.62,2-5 mi,2.924236272,0.759870813,2.721295428,0,0,0,0,0
21/01/2025 01:27,0.926,6.766666667,7.08,0-2 mi,1.957273908,-0.076881044,1.912008597,0,0,0,0,0
06/01/2025 12:26,2.805,12.9,11.77,2-5 mi,2.465553921,1.031403539,2.557227311,0,0,0,0,0
21/01/2025 08:38,0.69,3.166666667,8.91,0-2 mi,2.187174242,-0.371063681,1.15267951,0,0,0,0,0
22/01/2025 12:40,1.62,16.55,24.65,0-2 mi,3.204776901,0.482426149,2.806386102,0,0,0,0,0
30/01/2025 23:22,1.333,10.58333333,18.79,0-2 mi,2.933324813,0.287432041,2.359280437,0,0,0,0,0
24/01/2025 21:01,2.13,18.2,21.66,2-5 mi,3.075467242,0.75612198,2.901421594,0,0,0,0,0
06/01/2025 00:39,1.68,8.383333333,10.75,0-2 mi,2.374905755,0.518793793,2.126245608,0,0,0,0,0
18/01/2025 00:14,2.835,18.3,18.96,2-5 mi,2.942331497,1.042041937,2.90690106,0,0,0,0,0
13/01/2025 18:17,1.46,11.11666667,10.31,0-2 mi,2.333114298,0.378436436,2.408445484,0,0,0,0,0
06/01/2025 18:29,1.66,10.6,13.11,0-2 mi,2.573375298,0.506817602,2.360854001,0,0,0,0,0
19/01/2025 16:03,3.05,15.06666667,11.65,2-5 mi,2.45530618,1.115141591,2.712484798,0,0,0,0,0
18/01/2025 19:40,2.53,18.23333333,17.12,2-5 mi,2.840247371,0.928219303,2.903251421,0,0,0,0,0
28/01/2025 19:45,1.79,9.683333333,12.66,0-2 mi,2.538447417,0.58221562,2.270406195,0,0,0,0,0
30/01/2025 16:50,3.66,16.41666667,21.25,2-5 mi,3.056356895,1.297463147,2.798297079,0,0,0,0,0
03/01/2025 12:31,1.2,8.05,10.1,0-2 mi,2.312535424,0.182321557,2.085672091,0,0,0,0,0
28/01/2025 11:28,2.505,20.55,16.58,2-5 mi,2.80819715,0.918288735,3.022860941,0,0,0,0,0
08/01/2025 18:07,0.94,9.1,28.64,0-2 mi,3.354804342,-0.061875404,2.208274414,0,0,0,0,0
16/01/2025 23:38,1.74,6.933333333,9.27,0-2 mi,2.22678338,0.553885113,1.936340698,0,0,0,0,0
22/01/2025 06:53,2.11,8.433333333,17.5,2-5 mi,2.862200881,0.746687948,2.132192107,0,0,0,0,0
24/01/2025 20:34,1.375,7.616666667,11.53,0-2 mi,2.444952334,0.318453731,2.030338829,0,0,0,0,0
13/01/2025 10:16,3.32,12.63333333,15.04,2-5 mi,2.710713319,1.199964783,2.536338823,0,0,0,0,0
05/01/2025 11:40,1.78,17.55,21.71,0-2 mi,3.077772984,0.576613364,2.86505395,0,0,0,0,0
18/01/2025 22:15,2.28,13.16666667,12.78,2-5 mi,2.547881449,0.824175443,2.577688383,0,0,0,0,0
22/01/2025 18:07,4.161,15.38333333,22.82,2-5 mi,3.127637344,1.42575543,2.733284672,0,0,0,0,0
02/01/2025 22:05,0.98,6.066666667,8.62,0-2 mi,2.154085085,-0.020202707,1.802809305,0,0,0,0,0
19/01/2025 08:56,4.78,28.31666667,19.16,2-5 mi,2.952824773,1.564440547,3.343450559,0,0,0,0,0
24/01/2025 19:16,3.562,14.83333333,17.4,2-5 mi,2.856470206,1.270322185,2.696876901,0,0,0,0,0
16/01/2025 06:22,4.54,15.01666667,19.33,2-5 mi,2.961658293,1.512927012,2.709160695,0,0,0,0,0
28/01/2025 10:36,1.297,10.8,13.81,0-2 mi,2.625392967,0.260053905,2.379546134,0,0,0,0,0
01/01/2025 19:28,3.35,13.2,18.75,2-5 mi,2.931193752,1.208960346,2.58021683,0,0,0,0,0
23/01/2025 07:17,2.55,10.83333333,12.76,2-5 mi,2.546315278,0.936093359,2.382627801,0,0,0,0,0
18/01/2025 06:16,3.18,20.98333333,10.19,2-5 mi,2.321406847,1.156881197,3.043728472,0,0,0,0,0
13/01/2025 22:01,3.32,8.45,10.07,2-5 mi,2.309560707,1.199964783,2.134166441,0,0,0,0,0
24/01/2025 04:48,1.74,8.7,9.83,0-2 mi,2.285438934,0.553885113,2.163323026,0,0,0,0,0
26/01/2025 19:35,2.294,12,17.85,2-5 mi,2.882003508,0.830297019,2.48490665,0,0,0,0,0
04/01/2025 20:18,1.429,16.53333333,10.98,0-2 mi,2.396075436,0.356974899,2.805378545,0,0,0,0,0
26/01/2025 19:01,2.6,15.78333333,11.73,2-5 mi,2.462149663,0.955511445,2.758954531,0,0,0,0,0
13/01/2025 10:22,2.369,15.36666667,18.12,2-5 mi,2.897016301,0.862467925,2.732200661,0,0,0,0,0
24/01/2025 15:35,0.9,9.616666667,15.55,0-2 mi,2.744060639,-0.105360516,2.263497704,0,0,0,0,0
25/01/2025 12:11,2.4,11.3,11.7,2-5 mi,2.459588842,0.875468737,2.424802726,0,0,0,0,0
16/01/2025 17:11,2.05,12.06666667,14.55,2-5 mi,2.677590994,0.717839793,2.49044683,0,0,0,0,0
04/01/2025 11:35,3.11,21.58333333,42.41,2-5 mi,3.747384184,1.134622726,3.071921412,0,0,0,0,0
14/01/2025 14:10,1.73,9.533333333,12.5,0-2 mi,2.525728644,0.548121409,2.254794429,0,0,0,0,0
01/01/2025 08:59,2.25,10.81666667,12.07,2-5 mi,2.490723035,0.810930216,2.381088155,0,0,0,0,0
11/01/2025 00:36,0.499,4.083333333,10.85,0-2 mi,2.38416508,-0.695149183,1.406913648,0,0,0,0,0
22/01/2025 00:56,3.35,17.55,16.4,2-5 mi,2.797281335,1.208960346,2.86505395,0,0,0,0,0
31/01/2025 19:44,0.771,8.816666667,8.71,0-2 mi,2.164471791,-0.260066905,2.17664387,0,0,0,0,0
09/01/2025 22:07,1.32,6.55,8.44,0-2 mi,2.132982309,0.277631737,1.87946505,0,0,0,0,0
31/01/2025 21:24,2.758,16.25,15.67,2-5 mi,2.751748056,1.014505779,2.788092909,0,0,0,0,0
04/01/2025 13:19,1.47,7.866666667,10.08,0-2 mi,2.310553263,0.385262401,2.062634423,0,0,0,0,0
13/01/2025 18:17,2.29,19.41666667,19.41,2-5 mi,2.965788397,0.828551818,2.966131804,0,0,0,0,0
14/01/2025 13:40,1.855,12.66666667,12.54,0-2 mi,2.528923535,0.617884696,2.538973871,0,0,0,0,0
28/01/2025 21:03,2.06,11.95,11.22,2-5 mi,2.4176979,0.722705983,2.480731278,0,0,0,0,0
04/01/2025 00:31,1.63,9.1,12.5,0-2 mi,2.525728644,0.488580015,2.208274414,0,0,0,0,0
21/01/2025 20:42,0.88,5.233333333,8.38,0-2 mi,2.125847915,-0.127833372,1.655048424,0,0,0,0,0
15/01/2025 06:18,1.81,7.883333333,10.37,0-2 mi,2.338917022,0.593326845,2.064750826,0,0,0,0,0
08/01/2025 18:36,2.42,8.083333333,16.12,2-5 mi,2.780060737,0.88376754,2.089804329,0,0,0,0,0
10/01/2025 18:41,0.97,7.833333333,8.95,0-2 mi,2.191653532,-0.030459208,2.058388133,0,0,0,0,0
20/01/2025 07:21,2.827,13.46666667,15,2-5 mi,2.708050201,1.039216079,2.600217496,0,0,0,0,0
15/01/2025 14:23,0.97,5.966666667,11.78,0-2 mi,2.466403178,-0.030459208,1.786188424,0,0,0,0,0
14/01/2025 15:54,1.34,8.55,10.7,0-2 mi,2.370243742,0.292669614,2.145931283,0,0,0,0,0
10/01/2025 09:00,1.18,8.25,10.68,0-2 mi,2.368372834,0.165514439,2.1102132,0,0,0,0,0
21/01/2025 22:08,3.445,19.36666667,20.6,2-5 mi,3.025291076,1.236923905,2.963553375,0,0,0,0,0
26/01/2025 00:39,2.243,15.28333333,15.61,2-5 mi,2.747911735,0.807814256,2.72676291,0,0,0,0,0
02/01/2025 09:19,0.47,5.433333333,7.85,0-2 mi,2.060513532,-0.755022584,1.692552819,0,0,0,0,0
21/01/2025 06:18,1.29,8.566666667,9.84,0-2 mi,2.286455711,0.254642218,2.147878703,0,0,0,0,0
05/01/2025 09:31,3.94,12.96666667,21.23,2-5 mi,3.055415276,1.371180723,2.562381962,0,0,0,0,0
04/01/2025 22:07,4.73,25.51666667,29.5,2-5 mi,3.384390263,1.553925203,3.239331833,0,0,0,0,0
15/01/2025 10:17,1.29,8.566666667,7.12,0-2 mi,1.962907725,0.254642218,2.147878703,0,0,0,0,0
03/01/2025 12:22,2.82,14.71666667,9.92,2-5 mi,2.294552921,1.036736885,2.688980638,0,0,0,0,0
11/01/2025 22:11,2.557,13.26666667,15.87,2-5 mi,2.764430535,0.938834696,2.585254624,0,0,0,0,0
01/01/2025 18:31,1.602,10.2,9.63,0-2 mi,2.264883226,0.471252849,2.32238772,0,0,0,0,0
28/01/2025 23:06,1.56,12.08333333,13.43,0-2 mi,2.597491011,0.444685821,2.491827093,0,0,0,0,0
25/01/2025 21:39,4.85,20.21666667,26.39,2-5 mi,3.272985151,1.578978705,3.006507347,0,0,0,0,0
08/01/2025 10:00,1.544,8.933333333,9.17,0-2 mi,2.215937286,0.434376452,2.189789599,0,0,0,0,0
29/01/2025 14:18,1.86,7.883333333,9.88,0-2 mi,2.290512512,0.620576488,2.064750826,0,0,0,0,0
05/01/2025 12:59,0.66,4.716666667,8.53,0-2 mi,2.143589362,-0.415515444,1.551102335,0,0,0,0,0
06/01/2025 22:16,0.716,3.416666667,10.04,0-2 mi,2.306577114,-0.334075112,1.228665417,0,0,0,0,0
13/01/2025 05:34,2.419,6.366666667,9.85,2-5 mi,2.287471455,0.883354232,1.851076046,0,0,0,0,0
18/01/2025 14:10,4.52,16.2,24.74,2-5 mi,3.208421367,1.508511994,2.785011242,0,0,0,0,0
11/01/2025 14:49,1.63,7.883333333,10.82,0-2 mi,2.381396273,0.488580015,2.064750826,0,0,0,0,0
09/01/2025 06:44,2.45,13,18.33,2-5 mi,2.908539062,0.896088025,2.564949358,0,0,0,0,0
10/01/2025 14:42,1.71,9.633333333,14.31,0-2 mi,2.660958594,0.536493371,2.265229307,0,0,0,0,0
16/01/2025 19:48,1.12,6.066666667,9.21,0-2 mi,2.22028985,0.113328685,1.802809305,0,0,0,0,0
15/01/2025 14:00,1.03,7.316666667,8.95,0-2 mi,2.191653532,0.029558802,1.990154851,0,0,0,0,0
06/01/2025 12:30,0.68,5.333333333,8.89,0-2 mi,2.18492705,-0.385662481,1.673976434,0,0,0,0,0
18/01/2025 16:20,1.83,14.28333333,14.27,0-2 mi,2.658159432,0.604315967,2.659093356,0,0,0,0,0
06/01/2025 16:52,0.938,11.48333333,8.14,0-2 mi,2.09679018,-0.06400533,2.440896709,0,0,0,0,0
13/01/2025 10:52,2.61,11.18333333,21.4,2-5 mi,3.063390922,0.959350221,2.414424575,0,0,0,0,0
16/01/2025 13:07,3.31,20.05,17.02,2-5 mi,2.834389123,1.196948189,2.998229154,0,0,0,0,0
14/01/2025 14:06,4.983,35.4,26.64,2-5 mi,3.282413846,1.606032119,3.56671182,0,0,0,0,0
24/01/2025 06:17,1.639,12.58333333,13.24,0-2 mi,2.583242551,0.4940863,2.532373187,0,0,0,0,0
19/01/2025 09:22,1.801,11.23333333,9.59,0-2 mi,2.260720889,0.588342066,2.418885549,0,0,0,0,0
25/01/2025 17:55,1.753,10.63333333,11.62,0-2 mi,2.452727751,0.561328606,2.363993721,0,0,0,0,0
07/01/2025 08:21,1.48,13.5,9.04,0-2 mi,2.201659174,0.392042088,2.602689685,0,0,0,0,0
13/01/2025 13:27,1.7,10.55,12.69,0-2 mi,2.540814282,0.530628251,2.35612586,0,0,0,0,0
13/01/2025 08:41,3.79,13.36666667,17.85,2-5 mi,2.882003508,1.332366019,2.592764046,0,0,0,0,0
09/01/2025 15:44,1.48,8.866666667,12.46,0-2 mi,2.522523513,0.392042088,2.182298927,0,0,0,0,0
03/01/2025 20:05,0.97,7.566666667,9.8,0-2 mi,2.282382386,-0.030459208,2.023752636,0,0,0,0,0
16/01/2025 10:08,1.73,13.13333333,12.03,0-2 mi,2.48740353,0.548121409,2.575153528,0,0,0,0,0
23/01/2025 17:17,2.912,34.85,26.09,2-5 mi,3.261552099,1.06884013,3.551053137,0,0,0,0,0
09/01/2025 20:36,4.661,12.96666667,19.91,2-5 mi,2.991222118,1.539230017,2.562381962,0,0,0,0,0
01/01/2025 15:24,1.553,12.36666667,13.27,0-2 mi,2.585505848,0.440188544,2.515004681,0,0,0,0,0
29/01/2025 05:41,1.08,4.4,8.39,0-2 mi,2.127040521,0.076961041,1.481604541,0,0,0,0,0
11/01/2025 13:13,1.555,8.45,11.64,0-2 mi,2.454447442,0.441475546,2.134166441,0,0,0,0,0
23/01/2025 18:27,3.76,16.71666667,15.72,2-5 mi,2.754933787,1.324418957,2.816406226,0,0,0,0,0
29/01/2025 17:08,0.88,4.25,7.69,0-2 mi,2.039920784,-0.127833372,1.446918983,0,0,0,0,0
29/01/2025 09:32,1.86,15.63333333,14.61,0-2 mi,2.681706226,0.620576488,2.749405387,0,0,0,0,0
14/01/2025 23:21,1.725,7.833333333,12.07,0-2 mi,2.490723035,0.545227051,2.058388133,0,0,0,0,0
12/01/2025 21:24,1.7,11.63333333,13.21,0-2 mi,2.580974119,0.530628251,2.453874541,0,0,0,0,0
28/01/2025 14:50,4.481,16.08333333,20.41,2-5 mi,3.016024977,1.499846236,2.777783539,0,0,0,0,0
30/01/2025 09:28,1.36,8.266666667,11.44,0-2 mi,2.437115986,0.3074847,2.112231365,0,0,0,0,0
24/01/2025 17:40,2.91,19.95,17.04,2-5 mi,2.835563521,1.068153081,2.993229143,0,0,0,0,0
30/01/2025 16:54,3.547,28.56666667,39.69,2-5 mi,3.681099267,1.266102176,3.352240537,0,0,0,0,0
21/01/2025 15:52,1.09,16.63333333,13.51,0-2 mi,2.603430152,0.086177696,2.811408714,0,0,0,0,0
04/01/2025 11:41,2.27,11.21666667,15.63,2-5 mi,2.749192144,0.819779832,2.417400767,0,0,0,0,0
24/01/2025 16:37,1.66,12.01666667,15.9,0-2 mi,2.766319109,0.506817602,2.486294575,0,0,0,0,0
29/01/2025 07:57,3.39,18.21666667,24.3,2-5 mi,3.19047635,1.220829921,2.902336926,0,0,0,0,0
01/01/2025 00:33,1.53,11,12.59,0-2 mi,2.532902848,0.425267735,2.397895273,0,0,0,0,0
24/01/2025 19:37,3.073,18.65,19.9,2-5 mi,2.990719732,1.122654283,2.925846146,0,0,0,0,0
18/01/2025 23:35,2.27,11.3,14.28,2-5 mi,2.658859957,0.819779832,2.424802726,0,0,0,0,0
20/01/2025 03:45,4.94,20.48333333,35.15,2-5 mi,3.559624618,1.597365331,3.019611547,0,0,0,0,0
12/01/2025 01:07,2.38,8.533333333,11.88,2-5 mi,2.474856314,0.867100488,2.143980063,0,0,0,0,0
27/01/2025 02:06,1.42,6.966666667,7.4,0-2 mi,2.00148,0.350656872,1.94113687,0,0,0,0,0
22/01/2025 21:15,1.241,6.483333333,7.65,0-2 mi,2.034705648,0.215917506,1.869234781,0,0,0,0,0
28/01/2025 07:59,2.57,15.08333333,29.49,2-5 mi,3.384051223,0.943905899,2.713590382,0,0,0,0,0
30/01/2025 03:44,2.214,8.733333333,11.15,2-5 mi,2.411439498,0.794800834,2.167147122,0,0,0,0,0
05/01/2025 07:32,4.03,17.88333333,21.51,2-5 mi,3.068517943,1.393766376,2.88386918,0,0,0,0,0
08/01/2025 18:03,1.77,10.08333333,11.34,0-2 mi,2.428336298,0.570979547,2.310883896,0,0,0,0,0
07/01/2025 18:48,0.99,4.883333333,7.24,0-2 mi,1.979621206,-0.010050336,1.585828047,0,0,0,0,0
22/01/2025 08:09,0.87,6.733333333,9.94,0-2 mi,2.296567021,-0.139262067,1.907070316,0,0,0,0,0
06/01/2025 00:11,0.771,5.85,7.26,0-2 mi,1.982379829,-0.260066905,1.766441661,0,0,0,0,0
31/01/2025 05:21,1.923,8.6,10.57,0-2 mi,2.3580198,0.653886467,2.151762203,0,0,0,0,0
07/01/2025 14:28,4.22,23.63333333,24.35,2-5 mi,3.19253185,1.439835128,3.162658145,0,0,0,0,0
03/01/2025 07:53,1.99,9.116666667,11.97,0-2 mi,2.48240352,0.688134639,2.21010424,0,0,0,0,0
06/01/2025 00:34,3.48,11.33333333,23.85,2-5 mi,3.171784217,1.247032294,2.427748236,0,0,0,0,0
31/01/2025 17:33,3.41,21.51666667,21.08,2-5 mi,3.048324724,1.226712291,3.068827829,0,0,0,0,0
21/01/2025 16:11,1.61,10.66666667,28.34,0-2 mi,3.344274234,0.476234179,2.367123614,0,0,0,0,0
09/01/2025 21:47,4.99,18.6,35.96,2-5 mi,3.58240721,1.60743591,2.923161581,0,0,0,0,0
13/01/2025 20:43,1.32,6.65,9.83,0-2 mi,2.285438934,0.277631737,1.894616855,0,0,0,0,0
11/01/2025 19:00,2.647,14.61666667,19.64,2-5 mi,2.977568303,0.973426923,2.68216243,0,0,0,0,0
21/01/2025 18:42,1.63,9.516666667,9.77,0-2 mi,2.279316466,0.488580015,2.253044647,0,0,0,0,0
09/01/2025 21:38,1.018,6.166666667,7.58,0-2 mi,2.0255132,0.017839918,1.819158443,0,0,0,0,0
30/01/2025 14:01,3.03,19.85,17.05,2-5 mi,2.836150204,1.10856262,2.988204007,0,0,0,0,0
08/01/2025 16:23,1.403,19.05,15,0-2 mi,2.708050201,0.338612801,2.947067102,0,0,0,0,0
21/01/2025 06:44,3.26,15.55,37.12,2-5 mi,3.614155908,1.181727195,2.744060639,0,0,0,0,0
23/01/2025 20:55,0.98,3.966666667,8.84,0-2 mi,2.179286877,-0.020202707,1.377926111,0,0,0,0,0
31/01/2025 05:10,1.79,9.066666667,11.03,0-2 mi,2.400618833,0.58221562,2.204604685,0,0,0,0,0
03/01/2025 08:02,1.14,7.833333333,11.75,0-2 mi,2.463853241,0.131028262,2.058388133,0,0,0,0,0
23/01/2025 20:03,0.94,4.516666667,8.5,0-2 mi,2.140066164,-0.061875404,1.507774259,0,0,0,0,0
15/01/2025 16:04,0.721,5.366666667,8.27,0-2 mi,2.112634509,-0.327116142,1.680206983,0,0,0,0,0
17/01/2025 22:12,2.8,18.28333333,10.39,2-5 mi,2.340843805,1.029619417,2.905989898,0,0,0,0,0
11/01/2025 16:49,2.16,15.28333333,17.95,2-5 mi,2.887590115,0.770108222,2.72676291,0,0,0,0,0
17/01/2025 12:30,4.422,27.18333333,22.24,2-5 mi,3.101892469,1.486592082,3.30260404,0,0,0,0,0
14/01/2025 14:57,1.14,9.4,8.93,0-2 mi,2.189416395,0.131028262,2.240709689,0,0,0,0,0
31/01/2025 19:56,1.55,7.716666667,10.57,0-2 mi,2.3580198,0.438254931,2.043382492,0,0,0,0,0
10/01/2025 14:19,1.76,13.36666667,12.58,0-2 mi,2.532108251,0.565313809,2.592764046,0,0,0,0,0
10/01/2025 14:25,2.56,16.46666667,16.91,2-5 mi,2.827905163,0.940007259,2.801338136,0,0,0,0,0
03/01/2025 19:49,1.34,6.766666667,22.36,0-2 mi,3.107273648,0.292669614,1.912008597,0,0,0,0,0
26/01/2025 21:39,3.18,16.75,15.89,2-5 mi,2.765689981,1.156881197,2.818398258,0,0,0,0,0
20/01/2025 08:42,1.685,9.016666667,13.92,0-2 mi,2.633326655,0.521765564,2.199074717,0,0,0,0,0
27/01/2025 07:56,0.66,5.15,10.36,0-2 mi,2.337952237,-0.415515444,1.638996715,0,0,0,0,0
17/01/2025 19:04,0.9,6.5,7.15,0-2 mi,1.967112357,-0.105360516,1.871802177,0,0,0,0,0
22/01/2025 08:17,2.62,25.21666667,50.14,2-5 mi,3.914819093,0.963174318,3.227505152,0,0,0,0,0
18/01/2025 23:46,2.17,16.18333333,31.23,2-5 mi,3.441379171,0.774727168,2.783981906,0,0,0,0,0
04/01/2025 13:41,0.62,3.883333333,8.88,0-2 mi,2.183801557,-0.478035801,1.356693891,0,0,0,0,0
24/01/2025 18:33,1.12,10.83333333,13.85,0-2 mi,2.628285233,0.113328685,2.382627801,0,0,0,0,0
10/01/2025 14:12,2.01,13.85,19,2-5 mi,2.944438979,0.698134722,2.628285233,0,0,0,0,0
17/01/2025 18:40,1.2,5.85,8.41,0-2 mi,2.129421474,0.182321557,1.766441661,0,0,0,0,0
21/01/2025 00:57,4.66,8.433333333,14.81,2-5 mi,2.695302628,1.539015448,2.132192107,0,0,0,0,0
03/01/2025 13:33,2.59,17.65,17.87,2-5 mi,2.883123329,0.951657876,2.870735783,0,0,0,0,0
25/01/2025 05:36,2.079,9.833333333,10.59,2-5 mi,2.35991016,0.731887009,2.285777975,0,0,0,0,0
10/01/2025 05:53,0.88,4.616666667,8.91,0-2 mi,2.187174242,-0.127833372,1.529672944,0,0,0,0,0
10/01/2025 16:52,3.13,14.68333333,20.8,2-5 mi,3.034952987,1.141033005,2.686713064,0,0,0,0,0
15/01/2025 12:01,1.18,12.95,12.19,0-2 mi,2.500615944,0.165514439,2.561095788,0,0,0,0,0
11/01/2025 12:10,1.13,5.983333333,6.67,0-2 mi,1.89761986,0.122217633,1.788977826,0,0,0,0,0
09/01/2025 13:54,1.17,7.55,11.29,0-2 mi,2.423917378,0.157003749,2.021547563,0,0,0,0,0
13/01/2025 20:14,1.05,7.583333333,8.93,0-2 mi,2.189416395,0.048790164,2.025952857,0,0,0,0,0
06/01/2025 06:40,1.36,7.233333333,11.63,0-2 mi,2.453587967,0.3074847,1.978699972,0,0,0,0,0
28/01/2025 22:11,3.578,16.21666667,21.72,2-5 mi,3.078233495,1.274803985,2.78603952,0,0,0,0,0
28/01/2025 22:20,2.67,9.9,13.76,2-5 mi,2.621765833,0.982078472,2.292534757,0,0,0,0,0
20/01/2025 17:15,2.16,9.6,9.42,2-5 mi,2.242835089,0.770108222,2.261763099,0,0,0,0,0
15/01/2025 00:04,2.636,11.58333333,13.19,2-5 mi,2.579458967,0.969262617,2.449567283,0,0,0,0,0
22/01/2025 17:00,0.97,10.31666667,14.27,0-2 mi,2.658159432,-0.030459208,2.333760711,0,0,0,0,0
17/01/2025 17:29,1.47,7.716666667,13.56,0-2 mi,2.607124283,0.385262401,2.043382492,0,0,0,0,0
03/01/2025 22:08,3.432,18.68333333,21.74,2-5 mi,3.079153882,1.233143182,2.927631861,0,0,0,0,0
05/01/2025 14:13,2.2,10.1,13.42,2-5 mi,2.596746132,0.78845736,2.312535424,0,0,0,0,0
04/01/2025 07:28,4.611,20.01666667,24.43,2-5 mi,3.195811885,1.528444753,2.99656526,0,0,0,0,0
11/01/2025 17:14,1.868,17.16666667,15,0-2 mi,2.708050201,0.62486834,2.842969519,0,0,0,0,0
31/01/2025 10:54,0.63,5.516666667,7.45,0-2 mi,2.008214032,-0.46203546,1.707773813,0,0,0,0,0
08/01/2025 07:50,0.818,10.43333333,8.38,0-2 mi,2.125847915,-0.200892942,2.345005809,0,0,0,0,0
22/01/2025 18:23,1.9,9.95,12.45,0-2 mi,2.521720623,0.641853886,2.297572551,0,0,0,0,0
08/01/2025 08:46,3.3,20.8,31.57,2-5 mi,3.452207303,1.193922469,3.034952987,0,0,0,0,0
16/01/2025 22:14,0.864,3.266666667,7.3,0-2 mi,1.987874348,-0.14618251,1.183770097,0,0,0,0,0
10/01/2025 16:30,1.87,13.76666667,17.09,0-2 mi,2.838493497,0.625938431,2.622250211,0,0,0,0,0
18/01/2025 10:42,1.118,6.966666667,8.86,0-2 mi,2.181546765,0.111541375,1.94113687,0,0,0,0,0
27/01/2025 12:34,1.09,10.03333333,9.96,0-2 mi,2.298577072,0.086177696,2.305912883,0,0,0,0,0
05/01/2025 07:21,3.12,16.81666667,21.74,2-5 mi,3.079153882,1.137833002,2.822370458,0,0,0,0,0
25/01/2025 14:02,3.058,14.15,12.54,2-5 mi,2.528923535,1.117761108,2.649714624,0,0,0,0,0
10/01/2025 09:07,0.66,6.216666667,13.67,0-2 mi,2.615203651,-0.415515444,1.827233857,0,0,0,0,0
11/01/2025 07:07,1.57,9.083333333,13.61,0-2 mi,2.610804817,0.451075619,2.206441232,0,0,0,0,0
06/01/2025 08:02,3.733,20.56666667,36.81,2-5 mi,3.605769547,1.3172122,3.023671642,0,0,0,0,0
26/01/2025 00:03,2.895,9.7,11.9,2-5 mi,2.4765384,1.062985111,2.272125886,0,0,0,0,0
13/01/2025 18:04,1.7,9.233333333,12.5,0-2 mi,2.525728644,0.530628251,2.222820125,0,0,0,0,0
02/01/2025 12:47,0.96,7.183333333,6.39,0-2 mi,1.854734268,-0.040821995,1.971763528,0,0,0,0,0
17/01/2025 18:10,0.89,8.666666667,11,0-2 mi,2.397895273,-0.116533816,2.159484249,0,0,0,0,0
31/01/2025 19:31,4.29,13.33333333,16.84,2-5 mi,2.823757009,1.456286733,2.590267165,0,0,0,0,0
31/01/2025 21:19,3.33,9.383333333,13.43,2-5 mi,2.597491011,1.202972304,2.238935066,0,0,0,0,0
06/01/2025 17:28,1.34,9.616666667,11.56,0-2 mi,2.447550863,0.292669614,2.263497704,0,0,0,0,0
14/01/2025 08:01,1.4,11.7,18.26,0-2 mi,2.904712875,0.336472237,2.459588842,0,0,0,0,0
25/01/2025 16:46,4.98,22.5,24.51,2-5 mi,3.199081198,1.605429891,3.113515309,0,0,0,0,0
08/01/2025 16:02,1.05,8.583333333,9.11,0-2 mi,2.209372711,0.048790164,2.149822338,0,0,0,0,0
06/01/2025 15:55,1.12,7.616666667,8.94,0-2 mi,2.190535589,0.113328685,2.030338829,0,0,0,0,0
17/01/2025 19:11,2.05,15.51666667,19.9,2-5 mi,2.990719732,0.717839793,2.741914715,0,0,0,0,0
04/01/2025 12:29,1.23,11.98333333,12.74,0-2 mi,2.54474665,0.207014169,2.483516796,0,0,0,0,0
13/01/2025 10:45,2.76,21.1,26.24,2-5 mi,3.267284964,1.01523068,3.049273041,0,0,0,0,0
14/01/2025 18:02,1.4,9.033333333,12.72,0-2 mi,2.543175558,0.336472237,2.200921439,0,0,0,0,0
29/01/2025 13:53,4.243,28.75,26.61,2-5 mi,3.281287085,1.445270566,3.358637767,0,0,0,0,0
13/01/2025 21:36,2.462,13.25,13.29,2-5 mi,2.587011873,0.900974028,2.583997552,0,0,0,0,0
08/01/2025 22:22,1.447,14.48333333,11.64,0-2 mi,2.454447442,0.369492448,2.672998563,0,0,0,0,0
31/01/2025 17:59,1.054,10.88333333,10.56,0-2 mi,2.357073278,0.05259245,2.387232567,0,0,0,0,0
04/01/2025 17:44,0.82,4.616666667,8.59,0-2 mi,2.150598736,-0.198450939,1.529672944,0,0,0,0,0
19/01/2025 16:13,2.55,12.48333333,15.44,2-5 mi,2.736961545,0.936093359,2.524394421,0,0,0,0,0
01/01/2025 02:13,2.75,7.516666667,20.52,2-5 mi,3.02140002,1.011600912,2.017122777,0,0,0,0,0
23/01/2025 05:42,2.07,9.85,7.58,2-5 mi,2.0255132,0.727548607,2.287471455,0,0,0,0,0
04/01/2025 19:37,1.332,19.45,18.7,0-2 mi,2.928523524,0.286681572,2.96784707,0,0,0,0,0
26/01/2025 10:47,2.096,13,14.48,2-5 mi,2.672768387,0.740030767,2.564949358,0,0,0,0,0
12/01/2025 14:37,1.995,9.333333333,9.63,0-2 mi,2.264883226,0.69064405,2.233592222,0,0,0,0,0
23/01/2025 17:47,1.55,10.23333333,23.76,0-2 mi,3.168003495,0.438254931,2.325650366,0,0,0,0,0
23/01/2025 13:40,2.396,13.83333333,13.31,2-5 mi,2.588515632,0.87380068,2.627081139,0,0,0,0,0
09/01/2025 19:40,1.07,8.183333333,6.12,0-2 mi,1.811562097,0.067658649,2.102099566,0,0,0,0,0
08/01/2025 19:26,1.58,8.383333333,9.98,0-2 mi,2.30058309,0.457424847,2.126245608,0,0,0,0,0
24/01/2025 11:53,1.583,10.58333333,12.54,0-2 mi,2.528923535,0.459321781,2.359280437,0,0,0,0,0
23/01/2025 03:34,4.27,17.28333333,18.95,2-5 mi,2.941803932,1.451613827,2.849742646,0,0,0,0,0
15/01/2025 17:17,1.57,15.65,23.33,0-2 mi,3.149740086,0.451075619,2.750470917,0,0,0,0,0
18/01/2025 12:53,1.135,8.966666667,10.24,0-2 mi,2.32630162,0.126632651,2.193513998,0,0,0,0,0
27/01/2025 14:11,0.72,3.833333333,13.31,0-2 mi,2.588515632,-0.328504067,1.343734747,0,0,0,0,0
31/01/2025 12:01,2.472,20.03333333,19.31,2-5 mi,2.960623096,0.90502754,2.997397553,0,0,0,0,0
13/01/2025 14:41,1.02,7.566666667,25.08,0-2 mi,3.222070716,0.019802627,2.023752636,0,0,0,0,0
29/01/2025 08:12,1.247,11.18333333,10.93,0-2 mi,2.391511302,0.220740667,2.414424575,0,0,0,0,0
04/01/2025 21:38,4.2,16.2,17.92,2-5 mi,2.885917408,1.435084525,2.785011242,0,0,0,0,0
09/01/2025 19:15,0.774,5.35,9.66,0-2 mi,2.267993648,-0.256183405,1.677096561,0,0,0,0,0
17/01/2025 18:15,3.13,14.8,17.87,2-5 mi,2.883123329,1.141033005,2.694627181,0,0,0,0,0
26/01/2025 01:21,4.04,15.28333333,16.6,2-5 mi,2.809402695,1.396244692,2.72676291,0,0,0,0,0
13/01/2025 11:49,0.96,19.98333333,13.95,0-2 mi,2.635479508,-0.040821995,2.994898593,0,0,0,0,0
26/01/2025 12:22,3.01,9,12.9,2-5 mi,2.557227311,1.101940079,2.197224577,0,0,0,0,0
29/01/2025 13:27,2.37,13.83333333,13.12,2-5 mi,2.574137784,0.862889955,2.627081139,0,0,0,0,0
17/01/2025 08:01,4.424,25.4,19.55,2-5 mi,2.972975286,1.487044264,3.234749174,0,0,0,0,0
02/01/2025 16:42,3.83,19.95,41.48,2-5 mi,3.725211383,1.342864803,2.993229143,0,0,0,0,0
07/01/2025 20:08,3.26,19.8,26.88,2-5 mi,3.291382516,1.181727195,2.985681938,0,0,0,0,0
23/01/2025 09:16,0.59,6.55,9.18,0-2 mi,2.217027205,-0.527632742,1.87946505,0,0,0,0,0
31/01/2025 11:15,3.65,7.45,16.64,2-5 mi,2.811809435,1.294727168,2.008214032,0,0,0,0,0
21/01/2025 15:58,1.47,13.1,16.55,0-2 mi,2.806386102,0.385262401,2.57261223,0,0,0,0,0
02/01/2025 10:31,2.391,22.6,20.62,2-5 mi,3.026261479,0.871711689,3.117949906,0,0,0,0,0
11/01/2025 17:59,2.72,15.11666667,14.85,2-5 mi,2.697999865,1.00063188,2.715797888,0,0,0,0,0
20/01/2025 16:57,3.02,17.73333333,18.46,2-5 mi,2.915606229,1.105256831,2.875446108,0,0,0,0,0
11/01/2025 07:00,2.581,10.9,11.64,2-5 mi,2.454447442,0.948176921,2.388762789,0,0,0,0,0
15/01/2025 09:23,1.9,8.066666667,12.46,0-2 mi,2.522523513,0.641853886,2.087740345,0,0,0,0,0
09/01/2025 20:36,1.46,11.11666667,23.96,0-2 mi,3.176385773,0.378436436,2.408445484,0,0,0,0,0
07/01/2025 08:27,4.302,29.93333333,23.2,2-5 mi,3.144152279,1.459080031,3.398972687,0,0,0,0,0
17/01/2025 18:55,3.73,15.23333333,25.09,2-5 mi,3.22246936,1.316408234,2.723486009,0,0,0,0,0
18/01/2025 07:06,1.1,8,7.7,0-2 mi,2.041220329,0.09531018,2.079441542,0,0,0,0,0
09/01/2025 18:48,2.314,9.75,11.82,2-5 mi,2.469793012,0.838977629,2.277267285,0,0,0,0,0
07/01/2025 07:18,3.233,20.55,33.26,2-5 mi,3.504355474,1.173410499,3.022860941,0,0,0,0,0
02/01/2025 00:27,1.793,8.133333333,11.67,0-2 mi,2.457021446,0.583890195,2.095970844,0,0,0,0,0
26/01/2025 09:53,2.95,13.9,19.38,2-5 mi,2.964241607,1.08180517,2.63188884,0,0,0,0,0
02/01/2025 00:29,1.97,13.63333333,12.35,0-2 mi,2.513656063,0.678033543,2.612517774,0,0,0,0,0
06/01/2025 10:31,1.76,9.433333333,11.62,0-2 mi,2.452727751,0.565313809,2.244249516,0,0,0,0,0
06/01/2025 19:30,2.32,14.26666667,22.6,2-5 mi,3.117949906,0.841567186,2.657925814,0,0,0,0,0
03/01/2025 15:37,2.32,14.23333333,11.63,2-5 mi,2.453587967,0.841567186,2.655586632,0,0,0,0,0
02/01/2025 05:45,1.14,3.25,8.57,0-2 mi,2.148267733,0.131028262,1.178654996,0,0,0,0,0
19/01/2025 12:32,0.91,7.5,8.06,0-2 mi,2.086913557,-0.09431068,2.014903021,0,0,0,0,0
14/01/2025 09:28,3.18,23.75,37.88,2-5 mi,3.634423268,1.156881197,3.167582531,0,0,0,0,0
22/01/2025 00:45,1.328,7.783333333,8.91,0-2 mi,2.187174242,0.283674051,2.051984695,0,0,0,0,0
22/01/2025 10:00,0.73,5.55,10.24,0-2 mi,2.32630162,-0.314710745,1.713797928,0,0,0,0,0
25/01/2025 00:21,2.37,9.366666667,12.84,2-5 mi,2.552565298,0.862889955,2.237157288,0,0,0,0,0
24/01/2025 08:25,0.85,5.166666667,9.98,0-2 mi,2.30058309,-0.16251893,1.642227735,0,0,0,0,0
18/01/2025 00:20,1.253,6.866666667,19.46,0-2 mi,2.968361077,0.225540676,1.926678787,0,0,0,0,0
08/01/2025 16:42,1.71,13,36.49,0-2 mi,3.59703825,0.536493371,2.564949358,0,0,0,0,0
24/01/2025 11:10,0.8,5.55,8.5,0-2 mi,2.140066164,-0.223143551,1.713797928,0,0,0,0,0
18/01/2025 17:41,1.86,9.966666667,11.98,0-2 mi,2.483238593,0.620576488,2.299246192,0,0,0,0,0
25/01/2025 10:31,0.89,5.6,9.04,0-2 mi,2.201659174,-0.116533816,1.722766598,0,0,0,0,0
12/01/2025 07:32,2.57,8.516666667,15.16,2-5 mi,2.71866038,0.943905899,2.142025028,0,0,0,0,0
23/01/2025 08:37,1.01,11.36666667,7.39,0-2 mi,2.000127735,0.009950331,2.430685096,0,0,0,0,0
05/01/2025 14:22,2.84,14.83333333,24.42,2-5 mi,3.195402469,1.043804052,2.696876901,0,0,0,0,0
15/01/2025 19:56,4.66,20.66666667,17.26,2-5 mi,2.848391686,1.539015448,3.028522096,0,0,0,0,0
09/01/2025 07:19,3.04,22.53333333,31.29,2-5 mi,3.443298558,1.111857515,3.114995694,0,0,0,0,0
13/01/2025 10:51,1.157,8.883333333,8.05,0-2 mi,2.085672091,0.145830448,2.184176862,0,0,0,0,0
30/01/2025 22:53,1.27,6.683333333,9.15,0-2 mi,2.213753879,0.239016901,1.899616865,0,0,0,0,0
04/01/2025 09:56,1.676,12.33333333,13.44,0-2 mi,2.598235335,0.516410002,2.512305624,0,0,0,0,0
29/01/2025 08:31,2.58,16.31666667,10.71,2-5 mi,2.371177885,0.947789399,2.79218708,0,0,0,0,0
21/01/2025 00:46,1.939,9.6,12.93,0-2 mi,2.559550193,0.662172376,2.261763099,0,0,0,0,0
18/01/2025 14:30,1.31,9.416666667,14.57,0-2 mi,2.67896462,0.270027137,2.242481169,0,0,0,0,0
22/01/2025 16:54,1.71,21.73333333,14.29,0-2 mi,2.659559992,0.536493371,3.07884718,0,0,0,0,0
21/01/2025 20:22,1.28,10.13333333,10.86,0-2 mi,2.385086315,0.246860078,2.31583032,0,0,0,0,0
28/01/2025 12:08,1.05,16.63333333,27.2,0-2 mi,3.303216973,0.048790164,2.811408714,0,0,0,0,0
19/01/2025 19:36,0.38,5.066666667,9.84,0-2 mi,2.286455711,-0.967584026,1.622683139,0,0,0,0,0
17/01/2025 15:44,0.631,3.633333333,9.61,0-2 mi,2.262804223,-0.460449416,1.290150501,0,0,0,0,0
24/01/2025 07:29,0.749,4.616666667,12.31,0-2 mi,2.51041194,-0.289016296,1.529672944,0,0,0,0,0
27/01/2025 10:45,1.357,6.666666667,10.49,0-2 mi,2.350422422,0.305276381,1.897119985,0,0,0,0,0
23/01/2025 13:45,1.109,9.016666667,8.47,0-2 mi,2.136530509,0.103458708,2.199074717,0,0,0,0,0
07/01/2025 20:55,3.706,14.95,16.18,2-5 mi,2.783775912,1.309953128,2.7047113,0,0,0,0,0
14/01/2025 12:28,2.06,9.283333333,12.5,2-5 mi,2.525728644,0.722705983,2.228220678,0,0,0,0,0
21/01/2025 07:08,3.651,13.45,21.94,2-5 mi,3.088311455,1.295001103,2.598979106,0,0,0,0,0
01/01/2025 14:36,3.35,14.86666667,15.71,2-5 mi,2.754297452,1.208960346,2.69912157,0,0,0,0,0
13/01/2025 05:19,2.469,8.483333333,11.53,2-5 mi,2.444952334,0.90381321,2.138103454,0,0,0,0,0
06/01/2025 04:10,4.4,9.05,18.96,2-5 mi,2.942331497,1.481604541,2.202764758,0,0,0,0,0
24/01/2025 15:13,3.45,21.08333333,27.46,2-5 mi,3.3127304,1.238374231,3.048482839,0,0,0,0,0
07/01/2025 13:02,0.88,3.816666667,8.89,0-2 mi,2.18492705,-0.127833372,1.339377441,0,0,0,0,0
19/01/2025 01:27,2.82,14.28333333,33.38,2-5 mi,3.507956918,1.036736885,2.659093356,0,0,0,0,0
15/01/2025 11:31,1.96,14.68333333,26.21,0-2 mi,3.266141017,0.672944473,2.686713064,0,0,0,0,0
25/01/2025 17:11,3.62,19.88333333,22.75,2-5 mi,3.124565145,1.286474026,2.98988186,0,0,0,0,0
13/01/2025 17:33,0.88,10.9,25.29,0-2 mi,3.230409061,-0.127833372,2.388762789,0,0,0,0,0
26/01/2025 21:55,1.59,8.016666667,11.96,0-2 mi,2.481567749,0.463734016,2.081522708,0,0,0,0,0
12/01/2025 01:36,0.5,3.533333333,6.82,0-2 mi,1.919859472,-0.693147181,1.262241712,0,0,0,0,0
23/01/2025 08:07,0.87,8.366666667,19.21,0-2 mi,2.955430977,-0.139262067,2.124255558,0,0,0,0,0
14/01/2025 11:29,2.04,7.3,17.98,2-5 mi,2.889260029,0.712949808,1.987874348,0,0,0,0,0
23/01/2025 00:16,3.283,15.43333333,15.22,2-5 mi,2.722610352,1.188757639,2.736529672,0,0,0,0,0
01/01/2025 23:41,1.887,10.91666667,12.76,0-2 mi,2.546315278,0.634988266,2.390290673,0,0,0,0,0
01/01/2025 02:27,1.74,8.433333333,30.46,0-2 mi,3.416414348,0.553885113,2.132192107,0,0,0,0,0
09/01/2025 19:04,3.13,32.38333333,33.2,2-5 mi,3.502549876,1.141033005,3.477643887,0,0,0,0,0
07/01/2025 07:46,1.36,5.483333333,29.6,0-2 mi,3.387774361,0.3074847,1.701713189,0,0,0,0,0
09/01/2025 02:24,1.51,10.18333333,12.77,0-2 mi,2.54709867,0.412109651,2.320752397,0,0,0,0,0
12/01/2025 02:04,3.68,14.88333333,21.04,2-5 mi,3.046425388,1.302912752,2.700242019,0,0,0,0,0
21/01/2025 07:19,1.72,10.16666667,14.38,0-2 mi,2.665838352,0.542324291,2.319114395,0,0,0,0,0
11/01/2025 10:27,3.72,9.55,13.39,2-5 mi,2.59450816,1.313723668,2.256541155,0,0,0,0,0
21/01/2025 20:14,2.21,15.28333333,18.1,2-5 mi,2.895911938,0.792992516,2.72676291,0,0,0,0,0
11/01/2025 17:08,1.95,13.31666667,15.4,0-2 mi,2.734367509,0.667829373,2.589016384,0,0,0,0,0
21/01/2025 21:42,1.9,12.61666667,14.18,0-2 mi,2.651832521,0.641853886,2.535018691,0,0,0,0,0
20/01/2025 10:22,3.496,15.93333333,20.37,2-5 mi,3.01406323,1.251619458,2.768413351,0,0,0,0,0
15/01/2025 12:34,1.76,12.31666667,13.74,0-2 mi,2.620311287,0.565313809,2.510953359,0,0,0,0,0
29/01/2025 01:31,1.65,8.3,12.91,0-2 mi,2.558002205,0.500775288,2.116255515,0,0,0,0,0
09/01/2025 20:52,2.437,18.3,17.06,2-5 mi,2.836736542,0.890767775,2.90690106,0,0,0,0,0
26/01/2025 21:31,2.83,14.7,12.7,2-5 mi,2.541601994,1.040276712,2.687847494,0,0,0,0,0
07/01/2025 17:36,2.232,12.88333333,15.72,2-5 mi,2.754933787,0.802898045,2.555934486,0,0,0,0,0
27/01/2025 07:58,3.38,25.91666667,28.89,2-5 mi,3.363495515,1.21787571,3.254886262,0,0,0,0,0
25/01/2025 20:35,2.27,15.05,19.2,2-5 mi,2.954910279,0.819779832,2.711377991,0,0,0,0,0
02/01/2025 19:27,4,26.4,27.66,2-5 mi,3.319987326,1.386294361,3.27336401,0,0,0,0,0
10/01/2025 17:16,1,10.96666667,13.92,0-2 mi,2.633326655,0,2.394860369,0,0,0,0,0
06/01/2025 05:57,2,7.033333333,10.26,2-5 mi,2.32825284,0.693147181,1.950660752,0,0,0,0,0
05/01/2025 19:28,2.76,12.76666667,14.29,2-5 mi,2.659559992,1.01523068,2.546837608,0,0,0,0,0
08/01/2025 13:13,3.49,18.4,11.44,2-5 mi,2.437115986,1.249901736,2.912350665,0,0,0,0,0
05/01/2025 13:42,2.34,12.88333333,20.66,2-5 mi,3.028199464,0.850150929,2.555934486,0,0,0,0,0
20/01/2025 12:57,1.7,13.5,18.44,0-2 mi,2.914522218,0.530628251,2.602689685,0,0,0,0,0
23/01/2025 08:53,2.827,31.48333333,38.29,2-5 mi,3.645188766,1.039216079,3.449458305,0,0,0,0,0
09/01/2025 19:48,3.18,12.38333333,14.05,2-5 mi,2.642622396,1.156881197,2.516351483,0,0,0,0,0
22/01/2025 10:54,1.91,12.35,12.51,0-2 mi,2.526528325,0.647103242,2.513656063,0,0,0,0,0
22/01/2025 10:19,1.05,21.1,19.41,0-2 mi,2.965788397,0.048790164,3.049273041,0,0,0,0,0
14/01/2025 20:44,1.04,2.833333333,9.05,0-2 mi,2.202764758,0.039220713,1.041453875,0,0,0,0,0
08/01/2025 07:00,1.69,8.85,12.63,0-2 mi,2.536074936,0.524728529,2.180417459,0,0,0,0,0
15/01/2025 16:02,2.17,17.86666667,16.96,2-5 mi,2.83085763,0.774727168,2.882936779,0,0,0,0,0
22/01/2025 05:27,1.25,5.25,8.61,0-2 mi,2.152924318,0.223143551,1.658228077,0,0,0,0,0
21/01/2025 18:58,1.357,10.73333333,14.02,0-2 mi,2.640484882,0.305276381,2.373354164,0,0,0,0,0
20/01/2025 15:04,0.5,3.983333333,5.71,0-2 mi,1.742219024,-0.693147181,1.38211899,0,0,0,0,0
02/01/2025 22:45,1.33,10.71666667,10.41,0-2 mi,2.342766883,0.285178942,2.371800162,0,0,0,0,0
11/01/2025 23:36,2.06,9.933333333,11.64,2-5 mi,2.454447442,0.722705983,2.295896105,0,0,0,0,0
17/01/2025 14:59,4.78,27.41666667,23.29,2-5 mi,3.148024084,1.564440547,3.311151101,0,0,0,0,0
27/01/2025 16:03,1,3.733333333,9.05,0-2 mi,2.202764758,0,1.31730149,0,0,0,0,0
31/01/2025 20:16,3.56,20.03333333,15.33,2-5 mi,2.729811693,1.269760545,2.997397553,0,0,0,0,0
07/01/2025 18:52,1.51,8.366666667,14.4,0-2 mi,2.667228207,0.412109651,2.124255558,0,0,0,0,0
10/01/2025 16:11,3.53,16.4,14.95,2-5 mi,2.7047113,1.261297871,2.797281335,0,0,0,0,0
11/01/2025 23:47,2.09,13.6,12.69,2-5 mi,2.540814282,0.737164066,2.610069793,0,0,0,0,0
18/01/2025 13:13,3.07,11.65,16.1,2-5 mi,2.778819272,1.121677562,2.45530618,0,0,0,0,0
04/01/2025 17:04,1.17,6.983333333,8.71,0-2 mi,2.164471791,0.157003749,1.943526358,0,0,0,0,0
07/01/2025 10:06,1.06,5.833333333,7.19,0-2 mi,1.972691172,0.058268908,1.763588592,0,0,0,0,0
26/01/2025 07:15,0.437,1.7,8.84,0-2 mi,2.179286877,-0.827822084,0.530628251,0,0,0,0,0
20/01/2025 22:27,4.75,13.13333333,17.92,2-5 mi,2.885917408,1.558144618,2.575153528,0,0,0,0,0
07/01/2025 22:33,2.036,14.71666667,13.12,2-5 mi,2.574137784,0.710987099,2.688980638,0,0,0,0,0
03/01/2025 16:00,1.69,5.933333333,9.45,0-2 mi,2.246014742,0.524728529,1.780586169,0,0,0,0,0
22/01/2025 21:31,3.5,16.01666667,19.75,2-5 mi,2.983153491,1.252762969,2.773629847,0,0,0,0,0
31/01/2025 20:16,1.11,7.1,12.9,0-2 mi,2.557227311,0.104360015,1.960094784,0,0,0,0,0
20/01/2025 22:10,1.07,9,36.08,0-2 mi,3.585738695,0.067658649,2.197224577,0,0,0,0,0
28/01/2025 09:52,0.958,7.366666667,12.13,0-2 mi,2.495681723,-0.042907501,1.99696532,0,0,0,0,0
20/01/2025 11:36,3.65,15.6,17.17,2-5 mi,2.843163675,1.294727168,2.747270914,0,0,0,0,0
21/01/2025 12:11,3.806,34.76666667,25.64,2-5 mi,3.244153632,1.336578769,3.548659073,0,0,0,0,0
20/01/2025 09:03,1.24,8.6,10.67,0-2 mi,2.367436065,0.21511138,2.151762203,0,0,0,0,0
31/01/2025 17:54,4.03,19,31.87,2-5 mi,3.461665128,1.393766376,2.944438979,0,0,0,0,0
31/01/2025 12:03,1.875,22.43333333,17.94,0-2 mi,2.887032857,0.628608659,3.110547948,0,0,0,0,0
24/01/2025 22:41,1.14,6.516666667,8.58,0-2 mi,2.149433914,0.131028262,1.874362998,0,0,0,0,0
17/01/2025 12:50,2.347,11.68333333,15.45,2-5 mi,2.737609003,0.853137917,2.458163325,0,0,0,0,0
10/01/2025 18:21,0.767,6.933333333,10.59,0-2 mi,2.35991016,-0.265268478,1.936340698,0,0,0,0,0
06/01/2025 13:37,1.012,6.466666667,9.96,0-2 mi,2.298577072,0.011928571,1.866660777,0,0,0,0,0
18/01/2025 12:57,2.78,19,24.32,2-5 mi,3.191299057,1.022450928,2.944438979,0,0,0,0,0
29/01/2025 11:03,4.09,21.11666667,33.01,2-5 mi,3.496810546,1.40854497,3.050062618,0,0,0,0,0
28/01/2025 08:14,2.06,13.68333333,16.55,2-5 mi,2.806386102,0.722705983,2.616178547,0,0,0,0,0
02/01/2025 14:18,2.41,20.03333333,22.2,2-5 mi,3.100092289,0.879626748,2.997397553,0,0,0,0,0
19/01/2025 15:26,1.4,8.716666667,5.17,0-2 mi,1.642872689,0.336472237,2.165236902,0,0,0,0,0
25/01/2025 12:34,2.65,13.25,11.77,2-5 mi,2.465553921,0.97455964,2.583997552,0,0,0,0,0
27/01/2025 01:14,4.22,16,23.59,2-5 mi,3.160822893,1.439835128,2.772588722,0,0,0,0,0
26/01/2025 18:35,2.45,17.15,13.85,2-5 mi,2.628285233,0.896088025,2.841998174,0,0,0,0,0
15/01/2025 07:30,3.31,17.48333333,16.12,2-5 mi,2.780060737,1.196948189,2.861248046,0,0,0,0,0
28/01/2025 07:51,1.76,13.51666667,16.25,0-2 mi,2.788092909,0.565313809,2.603923492,0,0,0,0,0
20/01/2025 20:25,2.89,11.9,13.59,2-5 mi,2.609334228,1.061256502,2.4765384,0,0,0,0,0
01/01/2025 04:27,4.59,22.06666667,30.69,2-5 mi,3.423936869,1.523880024,3.094068174,0,0,0,0,0
18/01/2025 23:09,1.53,5.966666667,9.86,0-2 mi,2.288486169,0.425267735,1.786188424,0,0,0,0,0
21/01/2025 09:26,0.493,4.85,7.89,0-2 mi,2.065596135,-0.707246105,1.578978705,0,0,0,0,0
11/01/2025 22:58,1.18,6.866666667,8.54,0-2 mi,2.144761008,0.165514439,1.926678787,0,0,0,0,0
13/01/2025 18:29,1.96,14,13.53,0-2 mi,2.604909442,0.672944473,2.63905733,0,0,0,0,0
10/01/2025 18:35,2.74,17.08333333,15.68,2-5 mi,2.752386015,1.00795792,2.838103329,0,0,0,0,0
04/01/2025 11:41,4.97,13.08333333,18.97,2-5 mi,2.942858784,1.60341984,2.571339156,0,0,0,0,0
23/01/2025 06:50,0.838,6.083333333,8.95,0-2 mi,2.191653532,-0.176737179,1.805552791,0,0,0,0,0
27/01/2025 15:19,2.1,11.73333333,16.9,2-5 mi,2.827313622,0.741937345,2.462433794,0,0,0,0,0
09/01/2025 23:53,1.71,10.11666667,8.78,0-2 mi,2.172476408,0.536493371,2.314184229,0,0,0,0,0
09/01/2025 16:34,1.68,12.78333333,9.06,0-2 mi,2.20386912,0.518793793,2.548142239,0,0,0,0,0
08/01/2025 16:01,3.08,20.11666667,21.7,2-5 mi,3.077312261,1.124929597,3.001548659,0,0,0,0,0
05/01/2025 00:18,0.95,7.45,10.05,0-2 mi,2.307572635,-0.051293294,2.008214032,0,0,0,0,0
25/01/2025 15:02,1.08,8.366666667,14.77,0-2 mi,2.692598097,0.076961041,2.124255558,0,0,0,0,0
17/01/2025 19:31,1.02,8.533333333,10.13,0-2 mi,2.315501318,0.019802627,2.143980063,0,0,0,0,0
12/01/2025 00:24,2.835,8.166666667,13.14,2-5 mi,2.575661013,1.042041937,2.100060829,0,0,0,0,0
06/01/2025 07:04,4.41,17.05,18.31,2-5 mi,2.907447359,1.48387469,2.836150204,0,0,0,0,0
19/01/2025 00:45,2.79,6.05,12.55,2-5 mi,2.529720666,1.026041596,1.800058272,0,0,0,0,0
02/01/2025 08:25,1.95,13.43333333,18.08,0-2 mi,2.894806355,0.667829373,2.59773918,0,0,0,0,0
03/01/2025 17:17,1.99,12.75,13.43,0-2 mi,2.597491011,0.688134639,2.545531272,0,0,0,0,0
25/01/2025 07:11,0.8,3.25,8.43,0-2 mi,2.131796772,-0.223143551,1.178654996,0,0,0,0,0
23/01/2025 10:17,1.76,8.333333333,13.29,0-2 mi,2.587011873,0.565313809,2.120263536,0,0,0,0,0
02/01/2025 13:36,0.79,4.25,8.04,0-2 mi,2.084429083,-0.235722334,1.446918983,0,0,0,0,0
25/01/2025 12:11,1.71,16.5,13.01,0-2 mi,2.565718293,0.536493371,2.803360381,0,0,0,0,0
15/01/2025 08:03,2.53,23.38333333,28.6,2-5 mi,3.353406718,0.928219303,3.152023518,0,0,0,0,0
11/01/2025 18:51,4.61,18.1,21.43,2-5 mi,3.06479181,1.528227857,2.895911938,0,0,0,0,0
16/01/2025 16:29,1.88,9,10.04,0-2 mi,2.306577114,0.631271777,2.197224577,0,0,0,0,0
26/01/2025 08:54,3.08,8.9,9.59,2-5 mi,2.260720889,1.124929597,2.186051277,0,0,0,0,0
18/01/2025 22:05,3.79,23.68333333,9.23,2-5 mi,2.222459049,1.332366019,3.164771566,0,0,0,0,0
11/01/2025 19:17,3.4,16.23333333,18.79,2-5 mi,2.933324813,1.223775432,2.787066741,0,0,0,0,0
04/01/2025 18:33,3.066,20.73333333,17.91,2-5 mi,2.885359216,1.12037378,3.031742711,0,0,0,0,0
17/01/2025 10:44,1.47,7.433333333,10.02,0-2 mi,2.304583096,0.385262401,2.00597439,0,0,0,0,0
17/01/2025 22:32,2.06,10.95,11.8,2-5 mi,2.468099532,0.722705983,2.393339456,0,0,0,0,0
27/01/2025 16:10,2.85,11.78333333,14.99,2-5 mi,2.707383312,1.047318994,2.466686104,0,0,0,0,0
30/01/2025 07:53,1.048,11.81666667,9.74,0-2 mi,2.276241118,0.046883586,2.469510964,0,0,0,0,0
20/01/2025 16:13,3.3,26.7,19.18,2-5 mi,2.95386807,1.193922469,3.284663565,0,0,0,0,0
11/01/2025 15:49,4.695,22.98333333,32.23,2-5 mi,3.472897696,1.546498113,3.134769316,0,0,0,0,0
01/01/2025 15:59,2.96,15.65,18.84,2-5 mi,2.935982269,1.085189268,2.750470917,0,0,0,0,0
01/01/2025 01:53,1.484,12.78333333,69.87,0-2 mi,4.246636373,0.394741145,2.548142239,0,0,0,0,0
27/01/2025 18:30,1.738,9.55,12.54,0-2 mi,2.528923535,0.552735027,2.256541155,0,0,0,0,0
17/01/2025 16:08,1.69,14.71666667,17.21,0-2 mi,2.84549061,0.524728529,2.688980638,0,0,0,0,0
17/01/2025 20:13,1.67,9.333333333,11.15,0-2 mi,2.411439498,0.512823626,2.233592222,0,0,0,0,0
15/01/2025 10:17,1.46,13.45,21.15,0-2 mi,3.051639906,0.378436436,2.598979106,0,0,0,0,0
14/01/2025 07:44,1.143,7.35,10.5,0-2 mi,2.351375257,0.133656385,1.994700313,0,0,0,0,0
01/01/2025 19:27,2.89,16.05,19.57,2-5 mi,2.973997781,1.061256502,2.77570885,0,0,0,0,0
23/01/2025 19:24,1.41,13.5,18.56,0-2 mi,2.921008727,0.343589704,2.602689685,0,0,0,0,0
27/01/2025 08:03,3.508,14.28333333,16.37,2-5 mi,2.795450391,1.255046075,2.659093356,0,0,0,0,0
13/01/2025 12:16,2.47,18.91666667,15.18,2-5 mi,2.719978772,0.904218151,2.940043368,0,0,0,0,0
11/01/2025 13:01,2.157,11.1,14.47,2-5 mi,2.672077541,0.768718367,2.406945108,0,0,0,0,0
16/01/2025 07:17,2.441,9.05,11.64,2-5 mi,2.454447442,0.892407791,2.202764758,0,0,0,0,0
10/01/2025 02:52,3.88,15.8,17.15,2-5 mi,2.841998174,1.355835154,2.76000994,0,0,0,0,0
27/01/2025 10:23,0.97,6.333333333,9.64,0-2 mi,2.265921109,-0.030459208,1.845826691,0,0,0,0,0
12/01/2025 10:04,3.76,12.53333333,20.55,2-5 mi,3.022860941,1.324418957,2.528391762,0,0,0,0,0
25/01/2025 21:34,4.11,19.43333333,35.72,2-5 mi,3.575710756,1.413423029,2.966989805,0,0,0,0,0
18/01/2025 15:50,4.042,15.71666667,20.96,2-5 mi,3.04261586,1.396739619,2.75472172,0,0,0,0,0
21/01/2025 13:58,2.93,13.96666667,15.35,2-5 mi,2.731115474,1.075002423,2.636673538,0,0,0,0,0
22/01/2025 19:33,1.43,8.966666667,10.62,0-2 mi,2.362739016,0.357674444,2.193513998,0,0,0,0,0
18/01/2025 14:54,1.78,8.45,13.57,0-2 mi,2.607861474,0.576613364,2.134166441,0,0,0,0,0
10/01/2025 06:36,2.12,10.06666667,13.17,2-5 mi,2.577941516,0.751416089,2.309229636,0,0,0,0,0
18/01/2025 22:59,3.483,22.76666667,21.77,2-5 mi,3.080532875,1.247893991,3.125297478,0,0,0,0,0
13/01/2025 21:50,3.1,15.76666667,55.3,2-5 mi,4.012772909,1.131402112,2.757898007,0,0,0,0,0
01/01/2025 10:30,3.93,10.8,11.75,2-5 mi,2.463853241,1.368639426,2.379546134,0,0,0,0,0
07/01/2025 17:36,1.49,11.88333333,13.38,0-2 mi,2.593761055,0.39877612,2.475136858,0,0,0,0,0
14/01/2025 16:26,2.11,12.43333333,12.99,2-5 mi,2.564179831,0.746687948,2.520381038,0,0,0,0,0
06/01/2025 07:27,0.74,4.516666667,8.19,0-2 mi,2.102913898,-0.301105093,1.507774259,0,0,0,0,0
08/01/2025 19:16,3.43,29.01666667,18.75,2-5 mi,2.931193752,1.232560261,3.367870378,0,0,0,0,0
31/01/2025 14:45,0.46,2.383333333,8.07,0-2 mi,2.088153482,-0.77652879,0.868500068,0,0,0,0,0
31/01/2025 21:29,4.21,22.78333333,21.9,2-5 mi,3.086486637,1.437462648,3.126029275,0,0,0,0,0
09/01/2025 20:13,4.75,25.25,28.22,2-5 mi,3.340030946,1.558144618,3.228826156,0,0,0,0,0
17/01/2025 10:26,2.471,28.1,20.99,2-5 mi,3.044046134,0.904622927,3.335769576,0,0,0,0,0
13/01/2025 08:51,1.29,23.8,23.85,0-2 mi,3.171784217,0.254642218,3.169685581,0,0,0,0,0
16/01/2025 15:05,1.08,7.716666667,6.6,0-2 mi,1.887069649,0.076961041,2.043382492,0,0,0,0,0
17/01/2025 12:45,2.329,25.71666667,18.53,2-5 mi,2.91939104,0.845438991,3.24713929,0,0,0,0,0
24/01/2025 09:30,2.2,16.2,40.6,2-5 mi,3.703768067,0.78845736,2.785011242,0,0,0,0,0
25/01/2025 17:01,3.03,19.8,23.57,2-5 mi,3.159974717,1.10856262,2.985681938,0,0,0,0,0
12/01/2025 19:08,2.57,14.75,15.15,2-5 mi,2.718000532,0.943905899,2.691243083,0,0,0,0,0
25/01/2025 21:42,2.65,14.91666667,10.95,2-5 mi,2.393339456,0.97455964,2.702479156,0,0,0,0,0
31/01/2025 08:59,2.142,10.88333333,17.69,2-5 mi,2.872999508,0.761739972,2.387232567,0,0,0,0,0
26/01/2025 07:50,3.81,7.483333333,16.54,2-5 mi,2.80578169,1.337629189,2.012678326,0,0,0,0,0
27/01/2025 15:42,1.04,5.833333333,14.36,0-2 mi,2.664446564,0.039220713,1.763588592,0,0,0,0,0
10/01/2025 23:13,4.24,16.41666667,22,2-5 mi,3.091042453,1.444563269,2.798297079,0,0,0,0,0
29/01/2025 11:55,4.943,34.5,31.71,2-5 mi,3.456632089,1.597972434,3.540959324,0,0,0,0,0
29/01/2025 16:26,2.587,8.8,14.24,2-5 mi,2.656054906,0.950498903,2.174751722,0,0,0,0,0
22/01/2025 14:55,1.33,8.483333333,12.6,0-2 mi,2.533696814,0.285178942,2.138103454,0,0,0,0,0
23/01/2025 18:18,0.66,4.45,16.13,0-2 mi,2.780680892,-0.415515444,1.492904096,0,0,0,0,0
24/01/2025 11:54,3.39,15.51666667,30.05,2-5 mi,3.402862661,1.220829921,2.741914715,0,0,0,0,0
16/01/2025 19:49,2.53,14.68333333,34.52,2-5 mi,3.541538866,0.928219303,2.686713064,0,0,0,0,0
17/01/2025 14:36,0.929,15.98333333,9.85,0-2 mi,2.287471455,-0.07364654,2.771546513,0,0,0,0,0
05/01/2025 00:25,3.98,15.23333333,25.38,2-5 mi,3.233961462,1.381281819,2.723486009,0,0,0,0,0
19/01/2025 22:38,4.73,14.2,22.34,2-5 mi,3.106378794,1.553925203,2.653241965,0,0,0,0,0
30/01/2025 12:48,1.1,10.01666667,12.9,0-2 mi,2.557227311,0.09531018,2.304250372,0,0,0,0,0
10/01/2025 17:30,4.412,15.01666667,19.03,2-5 mi,2.946016681,1.484328101,2.709160695,0,0,0,0,0
26/01/2025 16:10,3.98,24.05,18.67,2-5 mi,2.926917958,1.381281819,3.180134997,0,0,0,0,0
15/01/2025 17:57,1.44,13,19.02,0-2 mi,2.945491057,0.364643114,2.564949358,0,0,0,0,0
24/01/2025 05:31,4.15,11.36666667,24.7,2-5 mi,3.206803244,1.423108334,2.430685096,0,0,0,0,0
07/01/2025 21:56,0.943,4.55,6.93,0-2 mi,1.935859813,-0.058688996,1.515127233,0,0,0,0,0
02/01/2025 15:16,2.84,23.35,20.55,2-5 mi,3.022860941,1.043804052,3.150596984,0,0,0,0,0
24/01/2025 23:41,1.76,9.166666667,14.1,0-2 mi,2.646174797,0.565313809,2.215573716,0,0,0,0,0
30/01/2025 20:16,1.049,10.8,8.64,0-2 mi,2.156402583,0.047837329,2.379546134,0,0,0,0,0
26/01/2025 14:00,4.15,18.53333333,31.35,2-5 mi,3.445214267,1.423108334,2.919570913,0,0,0,0,0
29/01/2025 01:29,0.86,3.8,9.46,0-2 mi,2.247072383,-0.15082289,1.335001067,0,0,0,0,0
31/01/2025 20:51,0.572,5.083333333,7.3,0-2 mi,1.987874348,-0.558616288,1.625967214,0,0,0,0,0
25/01/2025 19:23,2.21,13.16666667,17.98,2-5 mi,2.889260029,0.792992516,2.577688383,0,0,0,0,0
17/01/2025 10:52,3.54,13.96666667,12.98,2-5 mi,2.563409711,1.264126727,2.636673538,0,0,0,0,0
04/01/2025 19:36,2.95,18.83333333,61.67,2-5 mi,4.121797589,1.08180517,2.93562835,0,0,0,0,0
24/01/2025 06:56,2.46,14.88333333,20.76,2-5 mi,3.033028058,0.90016135,2.700242019,0,0,0,0,0
18/01/2025 17:43,0.687,3.55,7.15,0-2 mi,1.967112357,-0.375420987,1.266947604,0,0,0,0,0
26/01/2025 00:29,3.32,17.95,26.23,2-5 mi,3.266903794,1.199964783,2.887590115,0,0,0,0,0
25/01/2025 16:05,2.815,22.88333333,20.39,2-5 mi,3.015044585,1.034962262,3.130408844,0,0,0,0,0
31/01/2025 23:46,4.63,10.15,24.96,2-5 mi,3.217274544,1.532556868,2.317473706,0,0,0,0,0
04/01/2025 18:59,2,11.25,10.92,2-5 mi,2.39059597,0.693147181,2.420368129,0,0,0,0,0
02/01/2025 10:49,0.52,4.95,8.92,0-2 mi,2.188295947,-0.653926467,1.599387577,0,0,0,0,0
22/01/2025 06:58,2.01,9.5,30.38,2-5 mi,3.413784497,0.698134722,2.251291799,0,0,0,0,0
23/01/2025 09:22,3.06,19.03333333,17.1,2-5 mi,2.839078464,1.118414916,2.946191828,0,0,0,0,0
08/01/2025 12:58,1.99,9,12.18,0-2 mi,2.499795262,0.688134639,2.197224577,0,0,0,0,0
29/01/2025 15:43,1.15,7.183333333,12.82,0-2 mi,2.551006452,0.139761942,1.971763528,0,0,0,0,0
23/01/2025 17:40,1.712,8.05,18.62,0-2 mi,2.924236272,0.537662278,2.085672091,0,0,0,0,0
12/01/2025 15:29,4.69,24.95,23.21,2-5 mi,3.14458322,1.545432583,3.216873822,0,0,0,0,0
07/01/2025 20:51,3.08,12.31666667,19.05,2-5 mi,2.947067102,1.124929597,2.510953359,0,0,0,0,0
24/01/2025 09:10,2.58,9.6,16.31,2-5 mi,2.791778417,0.947789399,2.261763099,0,0,0,0,0
17/01/2025 13:02,0.748,9.233333333,8.19,0-2 mi,2.102913898,-0.290352301,2.222820125,0,0,0,0,0
01/01/2025 18:57,2.81,13.45,15.75,2-5 mi,2.756840365,1.033184483,2.598979106,0,0,0,0,0
07/01/2025 10:23,2.28,10.8,15.22,2-5 mi,2.722610352,0.824175443,2.379546134,0,0,0,0,0
27/01/2025 11:55,0.49,5.266666667,9.02,0-2 mi,2.199444334,-0.713349888,1.661397651,0,0,0,0,0
23/01/2025 15:47,3.16,7.633333333,9.58,2-5 mi,2.259677592,1.150572028,2.032524622,0,0,0,0,0
06/01/2025 08:07,3.75,22.18333333,21.23,2-5 mi,3.055415276,1.32175584,3.099341256,0,0,0,0,0
06/01/2025 04:16,3.49,7.866666667,16.04,2-5 mi,2.775085602,1.249901736,2.062634423,0,0,0,0,0
14/01/2025 13:40,0.76,7.15,10.05,0-2 mi,2.307572635,-0.274436846,1.967112357,0,0,0,0,0
24/01/2025 22:40,1.184,7.8,10.54,0-2 mi,2.355177543,0.168898537,2.054123734,0,0,0,0,0
10/01/2025 09:59,2.87,18.68333333,15.21,2-5 mi,2.721953106,1.05431203,2.927631861,0,0,0,0,0
01/01/2025 03:06,4.74,26.53333333,38.49,2-5 mi,3.650398467,1.556037136,3.278401804,0,0,0,0,0
11/01/2025 13:23,1.26,11.96666667,17.21,0-2 mi,2.84549061,0.231111721,2.482125007,0,0,0,0,0
29/01/2025 08:08,1.59,11.66666667,11.47,0-2 mi,2.439734931,0.463734016,2.456735773,0,0,0,0,0
06/01/2025 17:53,3.74,25.68333333,11.55,2-5 mi,2.446685437,1.319085611,3.245842273,0,0,0,0,0
18/01/2025 14:23,0.85,7.683333333,4.34,0-2 mi,1.467874348,-0.16251893,2.039053481,0,0,0,0,0
13/01/2025 20:02,1.13,9.066666667,19.02,0-2 mi,2.945491057,0.122217633,2.204604685,0,0,0,0,0
04/01/2025 22:03,1.169,12.7,11.8,0-2 mi,2.468099532,0.156148683,2.541601994,0,0,0,0,0
17/01/2025 18:52,1.488,10.4,14.72,0-2 mi,2.689207113,0.397432936,2.341805806,0,0,0,0,0
10/01/2025 12:26,2.19,14.71666667,23.2,2-5 mi,3.144152279,0.783901544,2.688980638,0,0,0,0,0
01/01/2025 01:41,1.25,9.683333333,30.88,0-2 mi,3.430108725,0.223143551,2.270406195,0,0,0,0,0
28/01/2025 09:11,1.37,23.9,20.96,0-2 mi,3.04261586,0.31481074,3.173878459,0,0,0,0,0
01/01/2025 14:41,0.82,4.3,9.83,0-2 mi,2.285438934,-0.198450939,1.458615023,0,0,0,0,0
29/01/2025 07:59,3.75,16.45,19.95,2-5 mi,2.993229143,1.32175584,2.800325477,0,0,0,0,0
23/01/2025 00:04,1.949,9.683333333,13.09,0-2 mi,2.57184858,0.667316421,2.270406195,0,0,0,0,0
18/01/2025 08:13,2.45,12.55,15.16,2-5 mi,2.71866038,0.896088025,2.529720666,0,0,0,0,0
18/01/2025 11:49,2.494,18.11666667,17.16,2-5 mi,2.842581094,0.913887847,2.896832325,0,0,0,0,0
08/01/2025 10:27,2.53,12.68333333,20.99,2-5 mi,3.044046134,0.928219303,2.540288796,0,0,0,0,0
